id,text,date,likes_count,comments_count,reposts_count,views_count,url_photos
223858,"‚è±Ô∏è 42

#–†–æ–¥–∏–Ω–∞2–†–æ—Ç–æ—Ä | 1:0",2024-05-19 15:43:23,12,0,0,754,[]
223857,"‚è±Ô∏è 38

#–†–æ–¥–∏–Ω–∞2–†–æ—Ç–æ—Ä | 1:0",2024-05-19 15:39:28,7,1,0,748,[]
223853,"‚è±Ô∏è 22

#–†–æ–¥–∏–Ω–∞2–†–æ—Ç–æ—Ä | 0:0",2024-05-19 15:24:58,11,4,1,1095,[]
223846,,2024-05-19 14:59:26,16,5,4,1347,[]
223836,"–†–∞–∑–º–∏–Ω–∫–∞ –ø–æ—à–ª–∞ üèÉ‚Äç‚ôÄ

#–†–æ–¥–∏–Ω–∞2–†–æ—Ç–æ—Ä —É–∂–µ —á–µ—Ä–µ–∑ –ø–æ–ª—á–∞—Å–∞",2024-05-19 14:30:00,30,0,1,1625,[]
223821,"–ù–∞—à —Å–æ—Å—Ç–∞–≤ –Ω–∞ –º–∞—Ç—á —Å ¬´–†–æ–¥–∏–Ω–æ–π-2¬ª üîù

#–ñ–¥—ë—Ç–ü–æ–±–µ–¥—ã–í–æ–ª–≥–æ–≥—Ä–∞–¥",2024-05-19 14:00:03,52,14,6,1324,['https://sun150-1.userapi.com/impg/NsKt4-LitKMLxEAvjHHClS-VSRes6ulfFwgSGg/iVF-84ySxpo.jpg?size=510x637&quality=95&sign=f049258251310c0320cea2fba65dde97&c_uniq_tag=a8oytD33lXEzTCo-taWaVMTzHXdDBi6L1f-BvfTOtXs&type=album']
223807,"–°–µ–≥–æ–¥–Ω—è, 19 –º–∞—è, —Å–≤–æ–π 45-–π –¥–µ–Ω—å —Ä–æ–∂–¥–µ–Ω–∏—è –æ—Ç–º–µ—á–∞–µ—Ç –ø—Ä–µ–∑–∏–¥–µ–Ω—Ç –§–µ–¥–µ—Ä–∞—Ü–∏–∏ —Ñ—É—Ç–±–æ–ª–∞ –í–æ–ª–≥–æ–≥—Ä–∞–¥—Å–∫–æ–π –æ–±–ª–∞—Å—Ç–∏ –ú–∏—Ö–∞–∏–ª –ò–≤–∞–Ω–æ–≤–∏—á –®–∞–±—É–Ω–∏–Ω üéâ

–û—Ç –ª–∏—Ü–∞ –°–ö ¬´–†–æ—Ç–æ—Ä¬ª –ø–æ–∑–¥—Ä–∞–≤–ª—è–µ–º –ú–∏—Ö–∞–∏–ª–∞ –ò–≤–∞–Ω–æ–≤–∏—á–∞ —Å —é–±–∏–ª–µ–µ–º! –ñ–µ–ª–∞–µ–º –∫—Ä–µ–ø–∫–æ–≥–æ –∑–¥–æ—Ä–æ–≤—å—è, –±–ª–∞–≥–æ–ø–æ–ª—É—á–∏—è, –¥—É—à–µ–≤–Ω—ã—Ö —Å–∏–ª, –≤–µ—Ä–Ω—ã—Ö –∏ —Å–ø—Ä–∞–≤–µ–¥–ª–∏–≤—ã—Ö —Ä–µ—à–µ–Ω–∏–π –Ω–∞ –±–ª–∞–≥–æ —Ä–∞–∑–≤–∏—Ç–∏—è –í–æ–ª–≥–æ–≥—Ä–∞–¥—Å–∫–æ–≥–æ —Ñ—É—Ç–±–æ–ª–∞!

#–ó–∞–†–æ—Ç–æ—Ä",2024-05-19 13:25:00,28,0,0,1257,"['https://sun150-2.userapi.com/impg/ds_oBFMDR3u5lVlA62FPWjtBP6MrSvvts65YRg/yo-O2xeuxyc.jpg?size=510x340&quality=95&crop=22,0,1936,1291&sign=362d3f338ca131e6bc439b998e259d05&c_uniq_tag=OVDr1C2TzXgiRgqUa4mswpsstoZ13eh759O2KSVkUck&type=album']"
223805,–ù–∞ –º–µ—Å—Ç–µ ü´°,2024-05-19 13:24:27,35,0,1,1204,[]
223781,"–î—Ä—É–∑—å—è, –æ–±—ä—è–≤–ª—è–µ–º –ø–µ—Ä–µ–∫–ª–∏—á–∫—É –≥–æ—Ä–æ–¥–æ–≤ üòè

–ü–∏—à–∏—Ç–µ –≤ –∫–æ–º–º–µ–Ω—Ç–∞—Ä–∏—è—Ö, –∫–∞–∫–æ–π –≥–æ—Ä–æ–¥ —Å–µ–≥–æ–¥–Ω—è #–ó–∞–†–æ—Ç–æ—Ä üëá",2024-05-19 13:00:02,81,51,0,2616,"['https://sun150-1.userapi.com/impg/OuXg9G9IP1SrxD81_iduKFoW_2L3cS6s6Vt-KQ/46WbBtSV7sQ.jpg?size=510x340&quality=95&crop=3,0,2554,1703&sign=9967cdc9071d8f780da6d730ee1a7c85&c_uniq_tag=U8TkjZzo3bzTZsQQ7URweOZSfeh6_qBbQb6_WKAN2b4&type=album']"
223770,–°—Ç–∞–¥–∏–æ–Ω –∫ –º–∞—Ç—á—É ¬´–†–æ–¥–∏–Ω–∞-2¬ª - ¬´–†–æ—Ç–æ—Ä¬ª –≥–æ—Ç–æ–≤ ‚öî,2024-05-19 12:00:03,68,4,2,1916,[]
223765,–°–µ–≥–æ–¥–Ω—è –∏–≥—Ä–∞–µ–º –≤ –±–µ–ª–æ–º ‚ö™,2024-05-19 11:30:00,86,6,2,2818,['https://sun150-2.userapi.com/impg/-fXTcp6MNsyLmBzGdp9yMuK1vr3zAR8q852lPw/1vAk_YCzXf0.jpg?size=510x680&quality=95&sign=f0c9640246f95c55e92c95b10d4c6cd4&c_uniq_tag=jzSbBRYwU0SqAvwqfSPPTtEsA5XiZrSumb2lSGTHQL8&type=album']
223756,"–°–µ–≥–æ–¥–Ω—è –∏–≥—Ä–∞–µ–º –Ω–∞ –≤—ã–µ–∑–¥–µ üëäüèª 

¬´–†–æ–¥–∏–Ω–∞-2¬ª ‚öîÔ∏è ¬´–†–æ—Ç–æ—Ä¬ª

‚åö 15:00
üèüÔ∏è ¬´–°–ø–∞—Ä—Ç–∞–∫–æ–≤–µ—Ü¬ª
üì∫ –¢—Ä–∞–Ω—Å–ª—è—Ü–∏—è [https://vk.com/video-139174916_456241941|–∑–¥–µ—Å—å]
üèÜ Leon-–í—Ç–æ—Ä–∞—è –ª–∏–≥–∞ –ê | 15 —Ç—É—Ä
üé´ –ë–∏–ª–µ—Ç—ã –Ω–∞ –≥–æ—Å—Ç–µ–≤–æ–π —Å–µ–∫—Ç–æ—Ä —Ç—É—Ç: vk.cc/cwMAeH

#–ñ–¥—ë—Ç–ü–æ–±–µ–¥—ã–í–æ–ª–≥–æ–≥—Ä–∞–¥",2024-05-19 10:00:04,93,9,8,1987,['https://sun150-1.userapi.com/impg/8hZdk0FwI-Tmr4gaB6H3hDQPzBTCurrbKPARqw/S1Jn_QCEhrM.jpg?size=510x637&quality=95&sign=4bf54350892bdbd7621357a0941230e5&c_uniq_tag=jSQZEIzwDqDFXn0LRRnTUoXL-X0dKdy-idYg8GnLSYw&type=album']
223749,"–ê –∫—Ç–æ —ç—Ç–æ —Ç—É—Ç –≤ –ú–æ—Å–∫–≤–µ? ü§î

–≠—Ç–æ –∫–æ–º–∞–Ω–¥–∞ –≤ –ú–æ—Å–∫–≤–µ ü´°",2024-05-18 18:25:00,240,3,6,7422,[]
223741,,2024-05-18 15:47:48,54,1,3,4030,[]
223736,–ü—Ä–∏–±—ã–ª–∏ –≤ –∞—ç—Ä–æ–ø–æ—Ä—Ç ‚úàÔ∏è,2024-05-18 14:35:00,197,8,5,5871,[]
223734,"–ü—Ä–æ–≤–µ–ª–∏ –ø—Ä–µ–¥–º–∞—Ç—á–µ–≤—É—é –≤ –í–æ–ª–≥–æ–≥—Ä–∞–¥–µ ‚úÖ 

–£–∂–µ —Å–∫–æ—Ä–æ –≤—ã–¥–≤–∏–≥–∞–µ–º—Å—è –≤ –∞—ç—Ä–æ–ø–æ—Ä—Ç ‚úàÔ∏è

#–†–æ–¥–∏–Ω–∞2–†–æ—Ç–æ—Ä ‚Äî –∑–∞–≤—Ç—Ä–∞ –≤ 15:00 ‚öΩÔ∏è",2024-05-18 14:00:03,83,0,3,3962,"['https://sun150-2.userapi.com/impg/9NwQbPU3WuooGVV3wnrnabUf_fNTsqNcqZVKxw/4J2VAVzIj9c.jpg?size=510x763&quality=95&sign=ef839077f47fe90df4228cdd80ffffd9&c_uniq_tag=l65aj6b1YaK_GGjENqblgJlWnAlvmkfv8VvlSUQ6KsY&type=album', 'https://sun150-2.userapi.com/impg/NFlOCjZJ_ncoeMgvfPkkNFIRCNBn4q87hLtzOA/u9PQBg8PssU.jpg?size=510x763&quality=95&sign=f2ed911b68a2658f0f2a3bf1fcb5eecf&c_uniq_tag=L_2DxHwz-7vbIWeV-MrATkF9kfARbCkq6KWkV6_tCC8&type=album', 'https://sun150-2.userapi.com/impg/iDt7z1hfiClE-yrvw8PdQIPFDTQlA4fjj5c-FA/g7kZ9Zeq5ZY.jpg?size=510x763&quality=95&sign=713e483ebf5f240156545a44611acb6b&c_uniq_tag=TZWL1l6Y5rmiTJLsLFabF-DiX0UFSAJBl56rYpz2D8Q&type=album', 'https://sun150-2.userapi.com/impg/zClU4saeMRQps6xG4NZH08AO7_Rh-PH_X87gEQ/V96SOqipf_w.jpg?size=510x763&quality=95&sign=29a8d823593321d38269ae4e8fc778e4&c_uniq_tag=FkmH0nOZfi6HMh_u7F3ybudSMTl86QcPi6DJfrS60nc&type=album', 'https://sun150-1.userapi.com/impg/Yu_l6-qvL9NOAEEKGKhpojOp4K3_eMB_cw-wsw/8GAYzpGKk80.jpg?size=510x763&quality=95&sign=048cf35f2bfa36ac5b8a778f3a290a22&c_uniq_tag=XxiqBpGs5R4gtg82ha1oYaAWek_6ueZtFRlRTWXyHbA&type=album', 'https://sun150-2.userapi.com/impg/a81t04ZS-HQCn7b-VU4DLzhATpGjlQnRPwr5Tg/iwBzshj9Ad0.jpg?size=510x763&quality=95&sign=a5b4cff3039de91062b018058938b0a1&c_uniq_tag=Ni1wMk-BOprQWM6ppzjG257jRMFwUrumAGUmaN_E2-A&type=album', 'https://sun150-1.userapi.com/impg/581iBlhFa1x-n2t2lc0a95s9I1uKEuslSP1mnA/Yyw7QRN5JIs.jpg?size=510x763&quality=95&sign=4b8228a6a2f77aff18585b8119e1de3e&c_uniq_tag=6vaDZuX__7eI8k_udFwyGG9bsIHy-qvGy0Q9pN78T2E&type=album', 'https://sun150-2.userapi.com/impg/QSwyhcv3RLG4ZiaR0mdAl49-SxG5i1G-OXn9eQ/o2CvHKXNOk4.jpg?size=510x763&quality=95&sign=88b052e6195b534119c6acc743dc3a84&c_uniq_tag=xcxj6y3Pu-ZaUi5iiGpJUE7u_pZ6T1ZFmdNqptPRVrA&type=album', 'https://sun150-2.userapi.com/impg/6WCLmp6iqPBvB3GyzjDvrGQwmFOEQqYr2V7U_A/-8jorGotekI.jpg?size=510x763&quality=95&sign=39a751c7e929517372e3d0c02dc32283&c_uniq_tag=-zGKKcteuQr_mLDTwYHvquwCiRVTOLo7Z3xLOt1Bh0M&type=album']"
223726,¬´–†–æ–¥–∏–Ω–∞-2¬ª - ¬´–†–æ—Ç–æ—Ä¬ª: –ø—Ä–µ–≤—å—é –∫ –º–∞—Ç—á—É üëÄ,2024-05-18 11:30:00,32,2,2,2730,[]
223724,,2024-05-18 10:15:20,68,1,3,3455,[]
223702,‚õîÔ∏è –ù–µ —Å—Ç–æ–π –ø–æ–¥ —Å—Ç—Ä–µ–ª–æ–π ‚õîÔ∏è,2024-05-17 19:00:02,134,1,2,5894,"['https://sun150-1.userapi.com/impg/w4tJJXSVxAqGF58tPaqWyTZcTVuGiiscirUc4Q/gKd0ruWO5Qc.jpg?size=510x408&quality=95&sign=6a8c3b0884a7333a128c619b653f618f&c_uniq_tag=aYv5URi2OzTbxY27Q5W1NJWZenImXK-nALwngsMB5LI&type=album', 'https://sun150-2.userapi.com/impg/-eMUSXOWdgCGtNZpURnafUM18Ps89nY8gkO3rQ/IM4mPNSrS5E.jpg?size=510x408&quality=95&sign=a347d7aa70bedfb5999ccd52f53b837a&c_uniq_tag=ru5dJ2LaZfRhR78yJXabb96jtA3bOUTlJ3aGDwt2fII&type=album', 'https://sun150-1.userapi.com/impg/fjFb1HPahOEJ0DgMwHKNnPL3aBoBYGY72ALLHw/nuoOOrOjYAY.jpg?size=510x408&quality=95&sign=82561edb420c62afb0c76a2931608ab4&c_uniq_tag=VBVZ_Ufssu-ceCOxvo_ayYLSptSNiJM2Pr_EkIKutw8&type=album', 'https://sun150-1.userapi.com/impg/7RjNmBII-O3vk8jQ9MG_hRbIdwZm5k8c4yH94A/1_ZHYS8fKKs.jpg?size=510x408&quality=95&sign=659f3a2f5b2a01da57ff85ddd80cdb15&c_uniq_tag=jw7Me4rvJYdeXy_YRffbdTRr1l-hQgWKYtnNFHCDkD4&type=album', 'https://sun150-2.userapi.com/impg/OMuYhihbaHMepE7FvbYR3c6Rppb40wKZG3gPQA/ySyEreYXT7I.jpg?size=510x408&quality=95&sign=47fb1f5ee80fc573118b4b908668bfcf&c_uniq_tag=D2UCnElCQqNjxjSsXbaArOcP4uyZnvfvxrKWDfIF0gE&type=album']"
223696,–Ø–∫–æ–≤—É –ù–∏–∫–æ–ª–∞–µ–≤–∏—á—É —ç—Ç–æ –≤–∏–¥–µ–æ –Ω–µ –ø–æ–∫–∞–∑—ã–≤–∞–π—Ç–µ ü§´,2024-05-17 17:30:00,87,5,6,4392,[]
223693,,2024-05-17 16:49:06,58,0,1,3083,[]
223686,–ü–æ–∑–¥—Ä–∞–≤–∏—Ç–µ–ª—å–Ω—ã–π –∫–æ—Ä–∏–¥–æ—Ä –¥–ª—è –ñ–µ–Ω–∏ –ú—É—Ö–∏–Ω–∞ üëèüëèüëè,2024-05-17 15:40:00,75,3,2,4055,[]
223683,"–ò–Ω–¥–∏–≤–∏–¥—É–∞–ª—å–Ω–∞—è —Å—Ç–∞—Ç–∏—Å—Ç–∏–∫–∞ –∏–≥—Ä–æ–∫–æ–≤ –≤ –º–∞—Ç—á–µ #–†–æ—Ç–æ—Ä–ö—Ä–∞—Å–Ω–æ–¥–∞—Ä2 
 
#–†—É–±–∏—Å—å–ó–∞–†–æ—Ç–æ—Ä",2024-05-17 15:00:04,56,4,2,2431,"['https://sun150-2.userapi.com/impg/aGBBBCSQu4-XuCIy3WvCAy9s-DUEpqKkDTMoMA/fIrRwY9Mmgg.jpg?size=1080x1080&quality=96&sign=c9b14869173054206df49c174904f01f&c_uniq_tag=jYb7DcX8gp3TbfXZTr7gIg_Oy6wDh4-ThjCh8FCfYfQ&type=album', 'https://sun150-1.userapi.com/impg/KTAGNgptYM8bLx8q5nLwg83vi25I2u2AHBrIPQ/-yHc0FBVpKc.jpg?size=1080x1080&quality=96&sign=961452eaa80e01a3ad199de836d599ba&c_uniq_tag=zFEegrlcEQxAbhv10JTw5C09cgZpMDS7_Xz2ba_PS8s&type=album', 'https://sun150-1.userapi.com/impg/GSxko0uvIOyH1OPw4s6Jt_L7UmpI0IkWleJgMw/BurIuZCQvgs.jpg?size=1080x1080&quality=96&sign=6c6af1ef821fbc3a8447e18bae23278d&c_uniq_tag=jWPDKzzhGpHIfVeFS1MOiCIA3yrAk8KV5x1Ohl5wXnc&type=album', 'https://sun150-2.userapi.com/impg/hJd5L5HPUAPfYMnIUz602rvV54tLEErslnxg4w/_cuVq7ZkG00.jpg?size=1080x1080&quality=96&sign=b9034459dc2575b395b84efabd6b7665&c_uniq_tag=j-umXZldqZcWoqHRThczRePLwNfRx-wjOUmyzjRtOCs&type=album', 'https://sun150-2.userapi.com/impg/8hXk6n2BFMKKUNlKB3X_5sbT2WhdvtfrWPkZow/JMmmJzZoMGo.jpg?size=1080x1080&quality=96&sign=920867460a1ab0355b0111b504632b7f&c_uniq_tag=txTlJJi6Gh7oDk6wy65ezWVnIo1407zL4NYmUJ4HGLM&type=album', 'https://sun150-1.userapi.com/impg/BiMNXEdNjzMv7Pdz8XIzDUDKVBj0xZ9kWIKoSw/31ucdS3dfwQ.jpg?size=1080x1080&quality=96&sign=759953c2a4ff4101048d71886f77ab42&c_uniq_tag=b1c2wdVFbqjDVn7jK7g0OVZE-0N9o7YHerThw8gpngQ&type=album']"
223674,"–û—Ç–∫—Ä—ã—Ç–∞ –ø—Ä–æ–¥–∞–∂–∞ –±–∏–ª–µ—Ç–æ–≤ –Ω–∞ –ó–ê–ö–õ–Æ–ß–ò–¢–ï–õ–¨–ù–´–ô –î–û–ú–ê–®–ù–ò–ô –ú–ê–¢–ß –°–ï–ó–û–ù–ê üîú

–ú–∞—Ç—á ¬´–†–æ—Ç–æ—Ä¬ª ‚öîÔ∏è ¬´–ù–æ–≤–æ—Å–∏–±–∏—Ä—Å–∫¬ª —Å–æ—Å—Ç–æ–∏—Ç—Å—è 3 –∏—é–Ω—è –∏ –Ω–∞—á–Ω—ë—Ç—Å—è –≤ 19:00 

–ù–µ —É–ø—É—Å—Ç–∏—Ç–µ –≤–æ–∑–º–æ–∂–Ω–æ—Å—Ç—å –ø–æ–¥–¥–µ—Ä–∂–∞—Ç—å –ª—é–±–∏–º—É—é –∫–æ–º–∞–Ω–¥—É –Ω–∞ –¥–æ–º–∞—à–Ω–µ–º —Å—Ç–∞–¥–∏–æ–Ω–µ. –ù–∞–º –æ—á–µ–Ω—å –≤–∞–∂–Ω–∞ –≤–∞—à–∞ –ø–æ–¥–¥–µ—Ä–∂–∫–∞ üíôü©µ 

–ö—É–ø–∏—Ç—å –±–∏–ª–µ—Ç—ã –Ω–∞ –∏–≥—Ä—É –º–æ–∂–Ω–æ –Ω–∞ –Ω–∞—à–µ–º —Å–∞–π—Ç–µ: rotor-vlg.com –∏ vk.cc/cwSXJN  üëà

#–ó–∞–†–æ—Ç–æ—Ä #–í–º–µ—Å—Ç–µ–°–º–æ–∂–µ–º–í—Å—ë",2024-05-17 13:10:36,118,17,16,4973,['https://sun150-2.userapi.com/impg/bLT4J88D-IjOUmBAfvgzzY-l8GhthAph_qtntA/0tIEqj41BGY.jpg?size=510x510&quality=95&sign=6cdd23e6ba89e516eaadcd8ceac96d3e&c_uniq_tag=zsTVoLN5dmfsqjC2o4R-4Kiyy2oAUY-lA9uW9_lSDGQ&type=album']
223671,–ê –≤–æ—Ç –Ω–µ–±–æ–ª—å—à–æ–µ –≤–∏–¥–µ–æ –∏–∑ –ø–æ–µ–∑–¥–∫–∏ –ù–∏–∫–∏—Ç—ã –∏ –û–ª–µ–≥–∞ –≤ –¥–µ—Ç—Å–∫–∏–π —Å–∞–¥ üìπ,2024-05-17 12:00:03,145,8,5,4851,[]
223669,"–°–ö ¬´–†–æ—Ç–æ—Ä¬ª ü§ù –ú–û–£ –î–µ—Ç—Å–∫–∏–π —Å–∞–¥ ‚Ññ183 
 
–í—á–µ—Ä–∞ —Å–ø–µ—Ü–∏–∞–ª–∏—Å—Ç –ø–æ —Ä–∞–±–æ—Ç–µ —Å –±–æ–ª–µ–ª—å—â–∏–∫–∞–º–∏ –û–ª–µ–≥ –ß–∞–ª—á–µ–Ω–∫–æ –∏ –ù–∏–∫–∏—Ç–∞ –ß–∞–≥—Ä–æ–≤ –ø—Ä–∏–µ—Ö–∞–ª–∏ —Å –¥—Ä—É–∂–µ—Å–∫–∏–º –≤–∏–∑–∏—Ç–æ–º –≤ [club217467893|–¥–µ—Ç—Å–∫–∏–π —Å–∞–¥ ‚Ññ183]
 
–î–µ—Ç–∏ –ø–æ–¥–≥–æ—Ç–æ–≤–∏–ª–∏ –¥–ª—è –≥–æ—Å—Ç–µ–π –∑–∞–∂–∏–≥–∞—Ç–µ–ª—å–Ω—ã–π —Ç–∞–Ω–µ—Ü, –ø–æ–∏–≥—Ä–∞–ª–∏ —Å –ù–∏–∫–∏—Ç–æ–π –≤ —Ñ—É—Ç–±–æ–ª, –∞ –ø–æ—Ç–æ–º –Ω–∞—à –≤—Ä–∞—Ç–∞—Ä—å –ø—Ä–æ–≤–µ–ª –¥–ª—è —Ä–µ–±—è—Ç –Ω–µ–±–æ–ª—å—à–æ–π –º–∞—Å—Ç–µ—Ä-–∫–ª–∞—Å—Å 
 
–í—Å—Ç—Ä–µ—á–∞ –∑–∞–∫–æ–Ω—á–∏–ª–∞—Å—å —Å–ø–æ—Ä—Ç–∏–≤–Ω—ã–º —Ç–∞–Ω—Ü–µ–º –∏ –æ–±–Ω–∏–º–∞—à–∫–∞–º–∏ 
 
#–ó–∞–†–æ—Ç–æ—Ä",2024-05-17 11:30:00,70,2,3,3434,"['https://sun150-1.userapi.com/impg/1XT_NykUYL8bKAy1P2mdwyS8XIG0_74-E78V_g/mTxkoY9UlZY.jpg?size=1280x853&quality=96&sign=2e378ae8cab0e2fbb9833716016e39bc&c_uniq_tag=JlkPSdMlfqoDWkABV52vgauMQ8bx4QuZm6NAskwSgws&type=album', 'https://sun150-1.userapi.com/impg/NH6c42hQKTKHrCH701CU8d_614WOiMmJ-4xaVg/bYJ2zXBkX7Y.jpg?size=1280x853&quality=96&sign=5b9fe26ed439e5106a87658e97eac416&c_uniq_tag=5-sna3DaYBXyTOSqsXKwHzDLRoPWGqEfykhZYBMDTtg&type=album', 'https://sun150-1.userapi.com/impg/xSfL4E1__0obaY5AXBi6Tke1SR2D7qTSrD3cJw/vjZERpqkRME.jpg?size=1280x853&quality=96&sign=6db26f38cc25af85f59aaf899ad8f19c&c_uniq_tag=5NfyrtmCjMZS7HDKbNMvElLlFQocPh_cj3dPSkJwvOE&type=album', 'https://sun150-1.userapi.com/impg/InPVTdLKRE-bHiueaqmG6xJmLeQmbapYLA7rQw/yrTxIZOfdKg.jpg?size=1280x853&quality=96&sign=e25a87ec1e74292c7eb3db454af866bf&c_uniq_tag=rM_jEOot1O-Rg9bj9qDli8nkK59aA2Nhan-xe2WUtLU&type=album', 'https://sun150-2.userapi.com/impg/tTjfhj7_IW38RO72_JJyf0_BDcus2EItsmkWQA/dSjodOtcVGo.jpg?size=1280x853&quality=96&sign=ae5a5c121cf26298fdc9571493440a8b&c_uniq_tag=4xgYs2dUnTFOyaGOWF38qqHybgIqvEXBU68beRoRwAI&type=album', 'https://sun150-2.userapi.com/impg/ItoOxVMi93P0MCoDhftjrq65jESjNaOUfysy6Q/TcrDw6dNIg4.jpg?size=1280x853&quality=96&sign=a4a183217b2d7f019aa6ca6be4a8c71a&c_uniq_tag=O5R2IbifOukZxBLtxkAVNvdr9aqWVWxp-uG2-9vIeAg&type=album']"
223668,"üëÆ‚Äç‚ôÇ –ú–∞—Ç—á ¬´–†–æ–¥–∏–Ω–∞-2¬ª - ¬´–†–æ—Ç–æ—Ä¬ª —Ä–∞—Å—Å—É–¥–∏—Ç –ì–µ—Ä–º–∞–Ω –ö–æ–≤–∞–ª–µ–Ω–∫–æ 
 
–ù–∞–∑–Ω–∞—á–µ–Ω—ã —Å—É–¥—å–∏, –∏–Ω—Å–ø–µ–∫—Ç–æ—Ä—ã –∏ –¥–µ–ª–µ–≥–∞—Ç—ã –Ω–∞ –º–∞—Ç—á–∏ 15-–≥–æ —Ç—É—Ä–∞ LEON-–í—Ç–æ—Ä–æ–π –ª–∏–≥–∏ –ê —Å–µ–∑–æ–Ω–∞ 2023/24. 
 
–ì–ª–∞–≤–Ω—ã–π –∞—Ä–±–∏—Ç—Ä - –ì–µ—Ä–º–∞–Ω –ö–æ–≤–∞–ª–µ–Ω–∫–æ (–ö–∞–∑–∞–Ω—å), 
–ê—Å—Å–∏—Å—Ç–µ–Ω—Ç—ã –∞—Ä–±–∏—Ç—Ä–∞ - –†–æ–º–∞–Ω –§–µ–¥—É–ª–µ–µ–≤ (–ü–µ–Ω–∑–∞), –ö–∞–º–∏–ª—å –ë–∏–≥–ª–æ–≤ (–£—Ñ–∞), 
–†–µ–∑–µ—Ä–≤–Ω—ã–π —Å—É–¥—å—è - –ê–ª–µ–∫—Å–∞–Ω–¥—Ä –ê–Ω—É—Ñ—Ä–∏–µ–≤ (–ú–æ—Å–∫–≤–∞), 
–ò–Ω—Å–ø–µ–∫—Ç–æ—Ä - –î–º–∏—Ç—Ä–∏–π –ë–µ—Ä–µ–∑–Ω–µ–≤ (–†–æ—Å—Ç–æ–≤-–Ω–∞-–î–æ–Ω—É) 
–î–µ–ª–µ–≥–∞—Ç - –ü–µ—Ç—Ä –ü–µ—Ç—É—Ö–æ–≤ (–ú–æ—Å–∫–≤–∞)",2024-05-17 10:30:00,46,0,1,3148,['https://sun150-2.userapi.com/impg/s3FNnJKb8YoatQQ9pENJQq0EmQrY-p14XVRegA/Lq8n9bIU3d0.jpg?size=800x640&quality=96&sign=6346f39b9c776f562172a0ddcc5b5789&c_uniq_tag=7CCutzaxcGNWSKQ8XpcmmnJNgmyH_VdnlTgA85_1WjY&type=album']
223667,"–õ–æ–≤–∏—Ç–µ –≤—Ç–æ—Ä–æ–π —Ñ–æ—Ç–æ–æ—Ç—á—ë—Ç –∏–≥—Ä–æ–≤–æ–≥–æ –¥–Ω—è #–†–æ—Ç–æ—Ä–ö—Ä–∞—Å–Ω–æ–¥–∞—Ä2 üì∏

#–ó–∞–†–æ—Ç–æ—Ä",2024-05-17 09:30:02,109,0,2,5415,"['https://sun150-2.userapi.com/impg/9p22kvz6bE1kVpNGDvt-RoykVCWa4hAKhryx0g/2FEBs8Y26As.jpg?size=510x340&quality=95&sign=7ddbc4e21bc902c51edb7e84268411df&c_uniq_tag=9OT9UZ2zK4_nen-dO00YJoVudHcTGP5ogZmsP061obA&type=album', 'https://sun9-78.userapi.com/impg/yDfk4cT08yZ4gQNo1sNWdmGjY0HrU3SuHN2feQ/tJ_ApXOjs5c.jpg?size=510x340&quality=95&crop=3,0,2554,1703&sign=fce4c56a55570b001703aa3a2c311721&c_uniq_tag=fMJaHLyBzrt7AYNad7FD6g_6pixDS-3vVdfCAP7pmlE&type=album', 'https://sun150-1.userapi.com/impg/ndPvAb-Sj5N2FsexwyNMqKXLI4WjTZLMn2YAwg/IrC1usC9GDA.jpg?size=510x340&quality=95&crop=3,0,2554,1703&sign=2e8847dfae695fbde1fb73f0c749ed24&c_uniq_tag=8btOL9lYj2CNktucs-jCMaJgcqhtRAHl6Q5oKaRHgCQ&type=album', 'https://sun150-1.userapi.com/impg/PgsVj7Z_-ORwCDTQg8mVTXbhK9ZojKEDwkaZ-Q/aPDA1QB5VmY.jpg?size=510x340&quality=95&sign=8b18e3bcb10772a2ac42ea5e909bc541&c_uniq_tag=Uq6h0XQE1jQNT8V22qDJZ6637gdlN3d3XwIwbJHbEY4&type=album', 'https://sun150-2.userapi.com/impg/MW6Lk8tQDAYFrOJVrlJ_hQxeCz0PfByxSN_22A/aVQRO3IMuOw.jpg?size=510x340&quality=95&crop=3,0,2553,1702&sign=c11c9f5a2ca899798da6b8a9d6204cb1&c_uniq_tag=Be1Fsi333zSR-PBLbPjguJbEgjSja6oEcOpZ5uNx1as&type=album']"
223657,–ü—Ä–æ–≤–µ–ª–∏ –≤–æ—Å—Å—Ç–∞–Ω–æ–≤–∏—Ç–µ–ª—å–Ω—É—é —Ç—Ä–µ–Ω–∏—Ä–æ–≤–∫—É –Ω–∞ ¬´–ó–µ–Ω–∏—Ç–µ¬ª üí™,2024-05-16 17:00:03,97,2,2,4574,"['https://sun150-2.userapi.com/impg/piB1tYtAOUGULs3l-aIxb3trzxbXqGre7RjBMQ/amuwgVELSfw.jpg?size=510x408&quality=95&sign=29620dbbdc0609e30661bf428cb847e6&c_uniq_tag=ipY2MgxeMOvawif39_CkDvwy2wycS6hGoMTCa0DprJ8&type=album', 'https://sun9-78.userapi.com/impg/fgIDBkCgz0h5uKV6rIFNQND7KLus9YgG_YGi-A/arrO-_6sYxY.jpg?size=510x408&quality=95&sign=b107a9e20fce8384032d5890b6aa1479&c_uniq_tag=D2YZFT7Q6pKlcCfXd-XEFN5R-RO1eaJW8IxfidANI98&type=album', 'https://sun9-76.userapi.com/impg/HqNYHd95MXLfbMvnqnJGWoJTdxUR-3O0FkizpA/Xs0JPgzFYek.jpg?size=510x408&quality=95&sign=7c33273a6687e7abaa20dc7316529dd7&c_uniq_tag=x8RkbMq9lOuX8NNa4en0jS2mDb9sKqysEtr_RstBwf8&type=album', 'https://sun150-2.userapi.com/impg/IwHwldWUobfxK0W_0Q9j1JFVS4KXGzXOwc5CRg/qIbEolcS6Lw.jpg?size=510x408&quality=95&sign=028c2bbc30a5b7d6b7a65ea0a9e5d94a&c_uniq_tag=TENOXJCBFivLolF2Ef0Csr46kuhi6AbXPWE9ByYw8SY&type=album', 'https://sun9-37.userapi.com/impg/Dnx4DQWF6SmxyYthBePVCBaPuSlRrYPg6PY59A/hw_QOGk6Bxk.jpg?size=510x408&quality=95&sign=4a145be1b638ac3b44929d107060986c&c_uniq_tag=TNG-WcZLN9pGhWz96TyUd7xZKQI3sLCiQkE77kwdr4E&type=album', 'https://sun150-1.userapi.com/impg/0oUjXfqtZwR9ONdOUNu-n_lpnZGMqzoNHyaPrA/amsK_bJzm6U.jpg?size=510x408&quality=95&sign=d7b2fa17ef838e9e4b2b58203f8a3a0b&c_uniq_tag=w1OcJxRX-C2AFJOgQodrZWN485aQQ7RlASIhXivDuwg&type=album', 'https://sun9-41.userapi.com/impg/uSKqeDlofvHPCf8hDV7HG3ImJ61e1HO3FEU1LA/tYEW62lbdus.jpg?size=510x408&quality=95&sign=9c67f630f0afe3d81ddc5000fa3c5fe7&c_uniq_tag=L0zBwlnG_14T49TXvxSVgcReRZESxnSeFVXZxJ8r2HU&type=album', 'https://sun9-37.userapi.com/impg/V8fq1V_dQBo0EovKpJQszrAHlLNXA5DoIRWK9Q/Md4EV2LkkcE.jpg?size=510x408&quality=95&sign=116a8e95b19c5e85652bc799626045ff&c_uniq_tag=Aw9FCQ3VVhqjyNj7US2tNQ4mBtDeDSIKqt_4F6bDFQc&type=album']"
223655,–ë–æ—Ä—å–±–∞ –¥–æ –ø–æ—Å–ª–µ–¥–Ω–µ–π —Å–µ–∫—É–Ω–¥—ã –∏ –±–æ–µ–≤–∞—è –Ω–∏—á—å—è: –≤—Å–µ —ç—Ç–æ –≤–Ω–µ –ø–æ–ª—è –∑—Ä–µ–Ω–∏—è –º–∞—Ç—á–∞ ¬´–†–æ—Ç–æ—Ä¬ª - ¬´–ö—Ä–∞—Å–Ω–æ–¥–∞—Ä-2¬ª üìπ,2024-05-16 16:40:00,49,0,2,2565,[]
223648,"–ü—Ä—è–º–æ–µ –≤–∫–ª—é—á–µ–Ω–∏–µ –Æ—Ä—ã –ó–∞–≤–µ–∑—ë–Ω–∞ —Å –≤–æ—Å—Å—Ç–∞–Ω–æ–≤–∏—Ç–µ–ª—å–Ω–æ–π —Ç—Ä–µ–Ω–∏—Ä–æ–≤–∫–∏ üòâ

–ú–∞—Ç—á –≤ –ú–æ—Å–∫–≤–µ —É–∂–µ –≤ —ç—Ç–æ –≤–æ—Å–∫—Ä–µ—Å–µ–Ω—å–µ ‚öîÔ∏è",2024-05-16 14:50:14,93,3,3,3567,[]
223645,"–£–∂–µ –≤ —ç—Ç–æ –≤–æ—Å–∫—Ä–µ—Å–µ–Ω—å–µ —Å—ã–≥—Ä–∞–µ–º –Ω–∞ –≤—ã–µ–∑–¥–µ –ø—Ä–æ—Ç–∏–≤ ¬´–†–æ–¥–∏–Ω—ã-2¬ª ‚öîÔ∏è 

–†–∞—Å—Å–∫–∞–∑—ã–≤–∞–µ–º, –∫–∞–∫ –º–æ–∂–Ω–æ –ø–æ–¥–¥–µ—Ä–∂–∞—Ç—å —Å–∏–Ω–µ-–≥–æ–ª—É–±—ã—Öüëáüèª

–ò–≥—Ä–∞ –ø—Ä–æ–π–¥—ë—Ç –Ω–∞ —Å—Ç–∞–¥–∏–æ–Ω–µ ¬´–°–ø–∞—Ä—Ç–∞–∫–æ–≤–µ—Ü¬ª (–ú–æ—Å–∫–≤–∞, —É–ª. 3-—è –ì—Ä–∞–∂–¥–∞–Ω—Å–∫–∞—è, 47) 19 –º–∞—è –∏ –Ω–∞—á–Ω—ë—Ç—Å—è –≤ 15:00 üèü

üîπ–ü—Ä–æ—Ö–æ–¥ –Ω–∞ —Å—Ç–∞–¥–∏–æ–Ω —Å 14:00
üîπ–°–µ–∫—Ç–æ—Ä –∞–∫—Ç–∏–≤–Ω—ã—Ö –±–æ–ª–µ–ª—å—â–∏–∫–æ–≤ –°–ö ¬´–†–æ—Ç–æ—Ä¬ª ‚Äî –í2
üîπ–ë–∏–ª–µ—Ç—ã –º–æ–∂–Ω–æ –ø—Ä–∏–æ–±—Ä–µ—Å—Ç–∏ –ø–æ —Å—Å—ã–ª–∫–µ: vk.cc/cwMAeH
üîπ–¶–µ–Ω–∞ –±–∏–ª–µ—Ç–∞ ‚Äî 100 —Ä—É–±–ª–µ–π
üîπ–î–æ—Å–º–æ—Ç—Ä –±–∞–Ω–Ω–µ—Ä–æ–≤ –Ω–µ –ø–æ–∑–¥–Ω–µ–µ 45 –º–∏–Ω—É—Ç –¥–æ –Ω–∞—á–∞–ª–∞ –º–∞—Ç—á–∞ –ø–µ—Ä–µ–¥ —Å–µ–∫—Ç–æ—Ä–æ–º

–ï—Å–ª–∏ —É –≤–∞—Å –≤–æ–∑–Ω–∏–∫–Ω—É—Ç –≤–æ–ø—Ä–æ—Å—ã, –æ–±—Ä–∞—â–∞–π—Ç–µ—Å—å –ø–æ —Ç–µ–ª–µ—Ñ–æ–Ω—É +7 (961) 064-25-84, —Å–ø–µ—Ü–∏–∞–ª–∏—Å—Ç –ø–æ —Ä–∞–±–æ—Ç–µ —Å –±–æ–ª–µ–ª—å—â–∏–∫–∞–º–∏ –û–ª–µ–≥ –ß–∞–ª—á–µ–Ω–∫–æ

#–†–æ—Ç–æ—Ä #–ó–∞–†–æ—Ç–æ—Ä #–†—É–±–∏—Å—å–ó–∞–†–æ—Ç–æ—Ä",2024-05-16 13:00:03,80,1,11,3120,['https://sun150-2.userapi.com/impg/EzTDHciSTgmWTf-LFGougfmX6kMJQyTiErcMdQ/V2b-9ripsaQ.jpg?size=510x637&quality=95&sign=dc04669c6e5cee30743fb87b2edf88c9&c_uniq_tag=YuJza53C1qy0EXGwFliHWJiN-4DjJzlDL67lC3mcD_E&type=album']
223643,"–ü–æ–ª–Ω—ã–π —Ñ–æ—Ç–æ–æ—Ç—á—ë—Ç –º–∞—Ç—á–∞ #–†–æ—Ç–æ—Ä–ö—Ä–∞—Å–Ω–æ–¥–∞—Ä2 üì∏
 
#–ó–∞–†–æ—Ç–æ—Ä",2024-05-16 12:30:00,61,0,0,2707,"['https://sun150-1.userapi.com/impg/rIadC8PNuHG6XeTPuGJHRuWKRoWgDYy1c0K7mw/6cxy5oHJDAI.jpg?size=510x764&quality=95&sign=9c9778912928a8ad8f340c701ad5db1c&c_uniq_tag=E04zD_fOQcxge-CdRDKJwNgm0Hc9bRVO9Fb_HA8NaeA&type=album', 'https://sun9-76.userapi.com/impg/AB-7uS0fa9Zowm4X4Nr8VpX3_-GRRkoGmQECrQ/503wFuk4ya0.jpg?size=510x764&quality=95&sign=c072de945c2bdcbf7af0d0193cf66ae1&c_uniq_tag=2gSg-oNDRxICqIk2IFFgySVUfv4Ys-dc5bfTWN4KZbM&type=album', 'https://sun150-1.userapi.com/impg/C9WQs_8MJ2ce97E93YXIg2OrDccU-IcWMp1SeA/n-RAUVTjS0E.jpg?size=510x764&quality=95&sign=e347506a414e085b2f11f2e54df3112e&c_uniq_tag=YyVCqREACaRbKRxJp6EclAvfmd3_B48iv5Frm9IIE10&type=album', 'https://sun9-19.userapi.com/impg/b27YhRpjpBM_iuyIgS-XV8hbMadIEaCi0pTIlw/ULgUMtmueuU.jpg?size=510x764&quality=95&sign=e8e2d7fd77193ea8dbfb701bc711d930&c_uniq_tag=ORrFZPxBIYMTPvT8HXFgBPEDkz0rcfxgt84k62bt4e8&type=album', 'https://sun150-2.userapi.com/impg/z2kbdm6BlODBrhiMooqdkBup6DaDa1lLD13EsQ/Ycf_vsznZso.jpg?size=510x764&quality=95&sign=ee7acca8f3033ddb6d9896be37b881e2&c_uniq_tag=MSVCcvPWFBlvqLcOhQkMxUiCm7PKoKnM20RScnrTTr8&type=album', 'https://sun9-70.userapi.com/impg/RmttTS-njZgVbNeV92mfi5dj6RWiCtrpua63yw/n0lCIegrTNQ.jpg?size=510x764&quality=95&sign=bbc386069dbe64d288182f143d2eb57f&c_uniq_tag=GizUAvpqB6ZJD79c726t923lArVkbjOtTyhHGY9JIVU&type=album']"
223639,"–≠–∫—Å–∫—É—Ä—Å–∏—è –ø–æ —Å—Ç–∞–¥–∏–æ–Ω—É –ø–µ—Ä–µ–¥ –º–∞—Ç—á–µ–º #–†–æ—Ç–æ—Ä–ö—Ä–∞—Å–Ω–æ–¥–∞—Ä2 
 
–ü–æ–±–µ–¥–∏—Ç–µ–ª–∏ –ª–æ—Ç–æ—Ç—Ä–æ–Ω–∞ –æ—Ç –Ω–∞—à–µ–≥–æ –ø–∞—Ä—Ç–Ω–µ—Ä–æ–≤ Legalbet –∑–∞ –Ω–µ—Å–∫–æ–ª—å–∫–æ —á–∞—Å–æ–≤ –¥–æ –≤—á–µ—Ä–∞—à–Ω–µ–≥–æ –º–∞—Ç—á–∞ –ø—Ä–æ—à–ª–∏ –ø–æ –ø–æ–¥—Ç—Ä–∏–±—É–Ω–Ω–æ–º—É –ø–æ–º–µ—â–µ–Ω–∏—é ¬´–í–æ–ª–≥–æ–≥—Ä–∞–¥ –ê—Ä–µ–Ω—ã¬ª, –ø–æ—Å–º–æ—Ç—Ä–µ–ª–∏ –º–∏–∫—Å—Ç-–∑–æ–Ω—É, –≤—ã—à–ª–∏ –∫ —Ñ—É—Ç–±–æ–ª—å–Ω–æ–º—É –ø–æ–ª—é –∏, –∫–æ–Ω–µ—á–Ω–æ, –∑–∞—à–ª–∏ –≤ —Ä–∞–∑–¥–µ–≤–∞–ª–∫—É –∫–æ–º–∞–Ω–¥—ã 
 
#–ó–∞–†–æ—Ç–æ—Ä",2024-05-16 12:00:03,58,0,1,3361,"['https://sun9-16.userapi.com/impg/A4QluA8Ila0QP98piEQlOfjdy6wMZzQ_COi2yg/6kVoR7qlqmA.jpg?size=510x340&quality=95&sign=e8302c85de1aa71cfc6de28a4a803969&c_uniq_tag=vbjcYAaWAHRxAVDjI6CjT8FfqH3YLc-88NcQ0el5VKM&type=album', 'https://sun150-1.userapi.com/impg/735YltXtPpAqkOn9K26nO7-5JApL-4K1PlDWgw/eLupkpCvDwc.jpg?size=510x340&quality=95&sign=e8bcb903fddb30bb9752d698783b04bc&c_uniq_tag=bOMn_gfnfZN_1Yb_klBPo1kY4hayXFSZXRpeBsSfLqs&type=album', 'https://sun9-73.userapi.com/impg/C_39g_SVGSi29rhtPQAKWMHu5d_-MMNnjqCadg/FTkDe88TPBE.jpg?size=510x340&quality=95&sign=3daebe14eb43bb3e0ba3b1e884d98426&c_uniq_tag=CEn-n_8GYIQab8jMZz-dR0tixXGA_02Tw0Xg3MdlbC8&type=album', 'https://sun9-22.userapi.com/impg/xSNZ4iuFGE4eoPJMcLbMQ_vMM3zcDbBjwKFjaw/V56ZroWX1dM.jpg?size=510x340&quality=95&sign=941443414300a3e574b59db27337ea92&c_uniq_tag=MdC1SvuoByVMf0uC-9rjGWI9lxaIcU_T14FzQYY_d1E&type=album', 'https://sun150-1.userapi.com/impg/98WuLBKEWZQ3_c8sd3JKWoNjAaQ6iIt0jVvX0Q/5psTkE6Ev8k.jpg?size=510x340&quality=95&sign=fdec7123e2f64521c10df0951c7ac491&c_uniq_tag=vXiXRGmbpvAn9HKuzsLdHm3fo05VRinsK4K2Rt5N4Bo&type=album']"
223633,"–í –ø–µ—Ä–µ—Ä—ã–≤–µ –º–∞—Ç—á–∞ #–†–æ—Ç–æ—Ä–ö—Ä–∞—Å–Ω–æ–¥–∞—Ä2 –ø—Ä–æ—à–ª–æ –Ω–∞–≥—Ä–∞–∂–¥–µ–Ω–∏–µ —é–Ω—ã—Ö —Ñ—É—Ç–±–æ–ª–∏—Å—Ç–æ–≤ –°–® ¬´–†–æ—Ç–æ—Ä¬ª üèÜ 
 
–†–æ–∑—ã–≥—Ä—ã—à –ö—É–±–∫–∞ –†–§–° —Å—Ä–µ–¥–∏ —é–Ω–æ—à–µ—Å–∫–∏—Ö –∫–æ–º–∞–Ω–¥ –∫–ª—É–±–æ–≤ –§–ù–õ 2010 –≥–æ–¥–∞ —Ä–æ–∂–¥–µ–Ω–∏—è —Å–æ—Å—Ç–æ—è–ª—Å—è –≤ –í–æ—Ä–æ–Ω–µ–∂–µ –≤ –Ω–∞—á–∞–ª–µ –º–∞—è ‚öΩÔ∏è 
 
–£—á–∞—Å—Ç–∏–µ –≤ —Ç—É—Ä–Ω–∏—Ä–µ –ø—Ä–∏–Ω—è–ª–∏ –≤–æ—Å–ø–∏—Ç–∞–Ω–Ω–∏–∫–∏ –°–ø–æ—Ä—Ç–∏–≤–Ω–æ–π —à–∫–æ–ª—ã ¬´–†–æ—Ç–æ—Ä¬ª. –í–æ—Å–ø–∏—Ç–∞–Ω–Ω–∏–∫–∏ —Ç—Ä–µ–Ω–µ—Ä–æ–≤-–ø—Ä–µ–ø–æ–¥–∞–≤–∞—Ç–µ–ª–µ–π –î–º–∏—Ç—Ä–∏—è –°–∏–Ω–∫–µ–≤–∏—á–∞ –∏ –î–∞–π–Ω–∏—Å–∞ –§—Ä–æ–ª–æ–≤–∞ –ø–æ–∫–∞–∑–∞–ª–∏ –Ω–∞ —Ç—É—Ä–Ω–∏—Ä–µ –æ—Ç–ª–∏—á–Ω—ã–π —Ä–µ–∑—É–ª—å—Ç–∞—Ç –∏ –∑–∞–Ω—è–ª–∏ —Ç—Ä–µ—Ç—å–µ –º–µ—Å—Ç–æ ü•â 
 
–ü–æ–∑–¥—Ä–∞–≤–ª—è–µ–º –∫–æ–º–∞–Ω–¥—É —Å –±—Ä–æ–Ω–∑–æ–≤—ã–º–∏ –º–µ–¥–∞–ª—è–º–∏ –ö—É–±–∫–∞ –†–§–°! 
 
#–†—É–±–∏—Å—å–ó–∞–†–æ—Ç–æ—Ä",2024-05-16 11:00:03,186,5,0,6209,"['https://sun150-2.userapi.com/impg/q_95Q1k56ne5MFjRl7poMRcqMajEiZFVUNmOSA/1LSNg7uckIk.jpg?size=510x340&quality=95&crop=3,0,2554,1703&sign=b81a166ff8b2ca6f72201838b9b15532&c_uniq_tag=dftldfSnbGD931huaZS82-L9PdBuFPyFHLg6pTf6F4A&type=album', 'https://sun9-51.userapi.com/impg/93WqV8GentqmDwNxqo2n83j1iSPpzX0Rzjhi9w/TRphn8Rx6Ro.jpg?size=510x340&quality=95&crop=3,0,2554,1703&sign=f9f8762b1a74a154e270139fb4e3d8ff&c_uniq_tag=u7VwjcK2GSmAHslsRQbtcNCYZGb9irEnhkhkVy9cUXs&type=album', 'https://sun150-2.userapi.com/impg/qGsTnLgs7amAj6vXQlPX-WZH3-IC09eNQUKbGw/0giVlMqfhWc.jpg?size=510x340&quality=95&crop=3,0,2554,1703&sign=e91c795315982419c24a2d3f0cdf0d06&c_uniq_tag=xgDSx2nIzGHCTHlL6CLX4T2Qkanii20z83zgynhrkfc&type=album']"
223628,"–ü–µ—Ä–µ–¥ –º–∞—Ç—á–µ–º #–†–æ—Ç–æ—Ä–ö—Ä–∞—Å–Ω–æ–¥–∞—Ä2 —Å–∏–º–≤–æ–ª–∏—á–µ—Å–∫–∏–π —É–¥–∞—Ä –Ω–∞–Ω–µ—Å –ù–∏–∫–æ–ª–∞–π –í–ª–∞–¥–∏–º–∏—Ä–æ–≤–∏—á –û–ª–µ–Ω–∏–∫–æ–≤ ‚öΩ 
 
–ù–∏–∫–æ–ª–∞–π –í–ª–∞–¥–∏–º–∏—Ä–æ–≤–∏—á ‚Äî –≤–æ—Å–ø–∏—Ç–∞–Ω–Ω–∏–∫ —Å—Ç–∞–≤—Ä–æ–ø–æ–ª—å—Å–∫–æ–≥–æ —Ñ—É—Ç–±–æ–ª–∞. –ó–∞¬´–†–æ—Ç–æ—Ä¬ª –ø—Ä–æ–≤–µ–ª 355 –º–∞—Ç—á–µ–π, –≤ –∫–æ—Ç–æ—Ä—ã—Ö –∑–∞–±–∏–ª 21 –º—è—á –∏ –æ—Ç–¥–∞–ª 8 –≥–æ–ª–µ–≤—ã—Ö –ø–µ—Ä–µ–¥–∞—á. 
 
–ë—ã–ª –≤ —Å–æ—Å—Ç–∞–≤–µ ¬´–†–æ—Ç–æ—Ä–∞¬ª –≤ —Å 1996 –ø–æ 2005 –≥–æ–¥, –∏ —Å 2016 –ø–æ 2017 –≥–æ–¥–∞. 
 
–°–µ–π—á–∞—Å –ù–∏–∫–æ–ª–∞–π –û–ª–µ–Ω–∏–∫–æ–≤ —Ä–∞–±–æ—Ç–∞–µ—Ç –Ω–∞—á–∞–ª—å–Ω–∏–∫–æ–º –∫–æ–º–∞–Ω–¥—ã ¬´–†–æ—Ç–æ—Ä-2¬ª ü§ù 
 
–°–∏–Ω–µ-–≥–æ–ª—É–±–æ–π –æ–¥–Ω–∞–∂–¥—ã ‚Äî —Å–∏–Ω–µ –≥–æ–ª—É–±–æ–π –Ω–∞–≤—Å–µ–≥–¥–∞ üíôü©µ",2024-05-16 10:00:05,237,5,8,6487,"['https://sun150-2.userapi.com/impg/oXyBE47sr1XuqIa8p81ZiVSMJsZo3c5dRyRkXA/fqWRfoCIM18.jpg?size=510x764&quality=95&sign=16cc83c32314e54824a30ddecb8d8a44&c_uniq_tag=oO4deWRGLQO7Z41zw4jb3biKfAZStmwB8uZE6Oc8L8Y&type=album', 'https://sun9-30.userapi.com/impg/melrl88iXFBi2gpStOMerDtoyvg-bWu6C9qreA/x06iQzN0uBk.jpg?size=510x340&quality=95&sign=8b4a654d230dd75a29a9c7343126850e&c_uniq_tag=WQymzuuU_QuJMIDld1lXJZBS5ZkUHBgrdJt9VvdhVGM&type=album', 'https://sun9-51.userapi.com/impg/0nI6mACdUsMj-_rDpuaiWUotvhvfTWmYSXUunw/WY7mXBXNC3E.jpg?size=510x340&quality=95&sign=e5b71564568a2249a3be3d083d102467&c_uniq_tag=gbSqiXeJqjyo9crPsDuWhNCuJsv_SHp_vUdWm7uO388&type=album']"
223623,–í–∏–¥–µ–æ–æ–±–∑–æ—Ä –º–∞—Ç—á–∞ ¬´–†–æ—Ç–æ—Ä¬ª ‚Äî ¬´–ö—Ä–∞—Å–Ω–æ–¥–∞—Ä-2¬ª üìπ,2024-05-16 09:29:57,26,0,1,2531,[]
223598,"–†–æ—Ç–æ—Ä–∞! –ù–∞ –º–∞—Ç—á–µ #–†–æ—Ç–æ—Ä–ö—Ä–∞—Å–Ω–æ–¥–∞—Ä2 –ø—Ä–∏—Å—É—Ç—Å—Ç–≤–æ–≤–∞–ª–æ 10 837 –±–æ–ª–µ–ª—å—â–∏–∫–æ–≤üôè

–ë–ª–∞–≥–æ–¥–∞—Ä–∏–º –∫–∞–∂–¥–æ–≥–æ –∑–∞ –ø–æ–¥–¥–µ—Ä–∂–∫—É üíôü©µ

#–†—É–±–∏—Å—å–ó–∞–†–æ—Ç–æ—Ä",2024-05-15 22:45:00,357,6,7,9041,['https://sun9-35.userapi.com/impg/enQ7ArN4gDBexGWwnUgZfqxc0NESp7vwevgaWA/bI_ZyGCyfHU.jpg?size=510x340&quality=95&sign=590ce3591909b494bb3f4a233f8e0781&c_uniq_tag=Iz_L8ida-GJhkMJN-P9lCJ4ylLlD_GHHgDZhJKAB_Yk&type=album']
223590,"–†–æ–≤–Ω–æ üîü –ª–µ—Ç –Ω–∞–∑–∞–¥ –±—ã–ª —Å—ã–≥—Ä–∞–Ω –ø–æ—Å–ª–µ–¥–Ω–∏–π –º–∞—Ç—á –Ω–∞ —Å—Ç–∞–¥–∏–æ–Ω–µ ¬´–¶–µ–Ω—Ç—Ä–∞–ª—å–Ω—ã–π¬ª 
 
15 –º–∞—è 2014 –≥–æ–¥–∞ ¬´–†–æ—Ç–æ—Ä¬ª –æ–±—ã–≥—Ä–∞–ª ¬´–ï–Ω–∏—Å–µ–π¬ª –≤ –ø–æ—Å–ª–µ–¥–Ω–µ–º –ø–µ—Ä–µ–¥ —Ä–µ–∫–æ–Ω—Å—Ç—Ä—É–∫—Ü–∏–µ–π –º–∞—Ç—á–µ –Ω–∞ –≤—Å–µ–º–∏ –ª—é–±–∏–º–æ–º ¬´–¶–µ–Ω—Ç—Ä–∞–ª—å–Ω–æ–º¬ª üíô 
 
–ë–µ—Ä–µ–∂–Ω–æ —Ö—Ä–∞–Ω–∏–º –ø–∞–º—è—Ç—å –æ–± —ç—Ç–æ–º —É—é—Ç–Ω–æ–º –∏ —Ä–æ–¥–Ω–æ–º —Å—Ç–∞–¥–∏–æ–Ω–µ üèü 
 
–î–µ–ª–∏—Ç–µ—Å—å —Å–≤–æ–∏–º–∏ –≤–æ—Å–ø–æ–º–∏–Ω–∞–Ω–∏—è–º–∏ –≤ –∫–æ–º–º–µ–Ω—Ç–∞—Ä–∏—è—Öüëá",2024-05-15 22:15:00,309,11,24,12832,"['https://sun150-1.userapi.com/impg/HNXy87ympRqat6nk4lAFlJi5RDteJgtZe5BEAQ/b_RP_Mb4J6w.jpg?size=510x380&quality=95&sign=f6bec39fc18bd247fa9e96d3e88171cc&c_uniq_tag=wG58g9Ub6nrUSuWimMTxCCOEty8DsdRuhIGB3A9JJhU&type=album', 'https://sun150-2.userapi.com/impg/U8dMp8vIM1bs6rNfkWU5TdkLw4NwKQuFIClF2Q/cO6x3cfylVU.jpg?size=510x340&quality=95&sign=a949e3d097cae9ca1961d93c27433b8a&c_uniq_tag=2klnd6v13OEnvGnLAxJtDBGg3_rT-C5QF7ookaE3QfI&type=album']"
223584,–ü—Ä–µ—Å—Å-–∫–æ–Ω—Ñ–µ—Ä–µ–Ω—Ü–∏—è —Ç—Ä–µ–Ω–µ—Ä–æ–≤ –ø–æ –∏—Ç–æ–≥–∞–º –º–∞—Ç—á–∞ ¬´–†–æ—Ç–æ—Ä¬ª - ¬´–ö—Ä–∞—Å–Ω–æ–¥–∞—Ä-2¬ª üìπ,2024-05-15 21:56:57,70,3,4,3560,[]
223580,"–ù–µ—Å—Ä–∞–≤–Ω–µ–Ω–Ω–∞—è –ø–æ–¥–¥–µ—Ä–∂–∫–∞!  üíôü©µ 

#–ó–∞–†–æ—Ç–æ—Ä",2024-05-15 21:30:00,346,5,6,9136,[]
223556,"–†–∞—Å—Ö–æ–¥–∏–º—Å—è —Å–µ–≥–æ–¥–Ω—è –±–µ–∑–≥–æ–ª–µ–≤–æ–π –Ω–∏—á—å–µ–π ü§ù

#–†–æ—Ç–æ—Ä–ö—Ä–∞—Å–Ω–æ–¥–∞—Ä2 | 0:0 (0:0)

#–ó–∞–†–æ—Ç–æ—Ä",2024-05-15 20:55:01,154,29,10,4448,['https://sun150-2.userapi.com/impg/k_aCOBYUcSNYVKrO_fEBccW3InuVcDtr8Q0FVQ/nYHXTiLJ_x4.jpg?size=510x637&quality=95&sign=095721d148a53a07f275a88feca50a24&c_uniq_tag=f9XLCvcfexfeCkoV5S3As49LgY0DrICxsnaX6vFxxok&type=album']
223548,"‚è±Ô∏è 82

–õ—É—á—à–∏–µ! ‚ú®

#–†–æ—Ç–æ—Ä–ö—Ä–∞—Å–Ω–æ–¥–∞—Ä2 | 0:0",2024-05-15 20:40:55,124,10,0,4425,[]
223547,"‚è±Ô∏è 75

#–†–æ—Ç–æ—Ä–ö—Ä–∞—Å–Ω–æ–¥–∞—Ä2 | 0:0",2024-05-15 20:33:24,81,0,2,3097,[]
223546,"‚è±Ô∏è 70

#–†–æ—Ç–æ—Ä–ö—Ä–∞—Å–Ω–æ–¥–∞—Ä2 | 0:0",2024-05-15 20:28:22,41,0,0,2582,[]
223545,"‚è±Ô∏è 55

üîäüîäüîä

#–†–æ—Ç–æ—Ä–ö—Ä–∞—Å–Ω–æ–¥–∞—Ä2 | 0:0",2024-05-15 20:14:16,68,0,1,2991,[]
223542,"–ü–æ—Å–ª–µ –ø–µ—Ä–≤–æ–≥–æ —Ç–∞–π–º–∞ - –±–µ–∑–≥–æ–ª–µ–≤–∞—è –Ω–∏—á—å—è

#–†–æ—Ç–æ—Ä–ö—Ä–∞—Å–Ω–æ–¥–∞—Ä2 | 0:0",2024-05-15 19:57:53,42,1,0,2367,['https://sun9-64.userapi.com/impg/JYdm_3JcINrHkN4ozxVSGqySI9EBLyk68zP4kg/wVj6PAruWNw.jpg?size=510x340&quality=95&sign=d6b81d48b5fb3a4ae718ebbf9fb62125&c_uniq_tag=L38Ln0OgtJp0YWSJqmTBIpmi6fUsFeRZmdplPiB4EHU&type=album']
223540,"‚è±Ô∏è 39

#–†–æ—Ç–æ—Ä–ö—Ä–∞—Å–Ω–æ–¥–∞—Ä2 | 0:0",2024-05-15 19:40:37,70,1,0,3524,[]
223536,"‚è±Ô∏è 34

#–†–æ—Ç–æ—Ä–ö—Ä–∞—Å–Ω–æ–¥–∞—Ä2 | 0:0",2024-05-15 19:37:11,67,4,1,3329,[]
223531,"‚è±Ô∏è 14

#–†–æ—Ç–æ—Ä–ö—Ä–∞—Å–Ω–æ–¥–∞—Ä2 | 0:0",2024-05-15 19:15:31,60,3,1,2955,[]
223530,"‚è±Ô∏è 10

#–†–æ—Ç–æ—Ä–ö—Ä–∞—Å–Ω–æ–¥–∞—Ä2 | 0:0",2024-05-15 19:11:26,59,0,0,2807,[]
223524,"–í—ã—Ö–æ–¥–∏–º –Ω–∞ –ø–æ—Å—Ç—Ä–æ–µ–Ω–∏–µ ü§©

–ù–∞—á–∞–ª–æ –º–∞—Ç—á–∞ ‚Äî —á–µ—Ä–µ–∑ –ø–∞—Ä—É –º–∏–Ω—É—Ç!

#–ñ–¥—ë—Ç–ü–æ–±–µ–¥—ã–í–æ–ª–≥–æ–≥—Ä–∞–¥",2024-05-15 18:59:34,83,10,3,3308,[]
223522,"–†–∞–∑–º–∏–Ω–∫–∞ ‚Äî ‚òëÔ∏è

–ù–∞—Å—Ç—Ä–æ–π –º–∞–∫—Å–∏–º–∞–ª—å–Ω—ã–π üí™üèª 

–ù–∞—á–∞–ª–æ ‚Äî —á–µ—Ä–µ–∑ 1Ô∏è‚É£5Ô∏è‚É£ –º–∏–Ω—É—Ç!

#–ó–∞–†–æ—Ç–æ—Ä",2024-05-15 18:45:00,52,0,0,2427,['https://sun9-51.userapi.com/impg/xJWtzsiJ1k4BcU7bZBKROu0iZgM-WrB90R5wjw/H_s46L-un_E.jpg?size=510x340&quality=95&sign=9916ad4af75daca6a4ab7b7ed3cf593f&c_uniq_tag=ykWnCZxGhOnevs4sOgPUTo9RFTNvnnHg_PvkYn3FkdE&type=album']
223519,"–ê–≤—Ç–æ–≥—Ä–∞—Ñ-—Å–µ—Å—Å–∏—è –§–∏–ª–∏–ø–ø–∞ –î–≤–æ—Ä–µ—Ü–∫–æ–≤–∞ –≤ —Å–∞–º–æ–º —Ä–∞–∑–≥–∞—Ä–µ üî•‚úçüèª

#–ó–∞–†–æ—Ç–æ—Ä",2024-05-15 18:10:00,126,1,5,5606,"['https://sun150-2.userapi.com/impg/-KjhDC4YYmDsn9g_mjqHCy8-rcwucY84yy0HyA/pN0a8RcQiUA.jpg?size=510x340&quality=95&sign=f48e15035163261c3162b00092d44f24&c_uniq_tag=unBaJFW-UwNLsOgPYa1csaKyJjftPYoGPII55-jfci4&type=album', 'https://sun150-1.userapi.com/impg/0KFpvalZjt8PCA5kk6goa1kx3zu9QTj0MpFruQ/YZJSqFsFXUU.jpg?size=510x340&quality=95&sign=70da9021451f103a0fbf471f49795d44&c_uniq_tag=Q_qI3iA5_Z6tqHkvmVATOAxCXChsxUdqz3PyZruS1Dk&type=album', 'https://sun9-18.userapi.com/impg/ZElPeFsHxhr_0BZluQkBlndEZeCHbnY6poOa6w/cSAnTNHBTc0.jpg?size=510x340&quality=95&sign=b5db52d2425eeb93b95491d602f9be03&c_uniq_tag=8z8HWUGR_Q3R8pjdq-IDa_gyNaCUlMBCLtv8WmjG5JM&type=album']"
223512,"Home sweet home üè†üíôü©µ

#–ñ–¥—ë—Ç–ü–æ–±–µ–¥—ã–í–æ–ª–≥–æ–≥—Ä–∞–¥",2024-05-15 17:49:52,81,0,1,2874,"['https://sun150-1.userapi.com/impg/hfEU_rVAWDJUKuCp8zBlRVzvwMokz4_9wr_LSg/Rgt9bPZTr4A.jpg?size=510x340&quality=95&sign=e2e1eacc6b5b29fdddf3eb50e2dbb202&c_uniq_tag=-dKeNxuAhtjvjLtvDI1D_I6a3FwHIrOT7xbgW6eeuN0&type=album', 'https://sun150-1.userapi.com/impg/apWVMGK5O_Q2i6qVdIiT4SsKz85KaciW5MMNIA/PtzEy365ISg.jpg?size=510x340&quality=95&sign=695780bbd038c5951d5b68a1b5bbba04&c_uniq_tag=oK82tY_d25jGtOgqFv6RX-EYoGqREJAp-AWYU0Y9zQs&type=album', 'https://sun150-1.userapi.com/impg/0eVydPQY86kCY1ZybKOihWWoAKt3yap2hxn2-A/Wa6iCqwDDbY.jpg?size=510x340&quality=95&sign=92b11042dfb734b5245a3d3e724c4134&c_uniq_tag=Jh-zZoaGp6_vGOdx_QG9Div65oIEdkDYjPQpf2cwl-w&type=album', 'https://sun150-1.userapi.com/impg/onILSpQm7aeotfyh8UofYIkUmL53PIY3Jv8ZMg/ypr6oY8HdMM.jpg?size=510x340&quality=95&sign=5f1ece84111c821e92c3e5217a741517&c_uniq_tag=Gvdofv-u5VQgEjEv5IprYnPfpLH-RvSa1J66fd0-pwc&type=album', 'https://sun150-1.userapi.com/impg/sa0Ym99EofvUg4GvS6DbposZExx-EI_gKm0FEQ/PX3yvOB4MJg.jpg?size=510x340&quality=95&sign=bbc0773d570b811de46fd7688f34e174&c_uniq_tag=tuwOMll_7mQ0Fs1t6ofNDQYZxFRJPlKD8MZzKsOXUJ8&type=album']"
223507,"–¢–∞–∫–∏–º —Å–æ—Å—Ç–∞–≤–æ–º –≤—ã–π–¥–µ–º —Å–µ–≥–æ–¥–Ω—è –Ω–∞ –ø–æ–ª–µ üîù

#–ñ–¥—ë—Ç–ü–æ–±–µ–¥—ã–í–æ–ª–≥–æ–≥—Ä–∞–¥",2024-05-15 17:45:42,96,5,3,2641,['https://sun150-2.userapi.com/impg/4TubrALruLI5J5nw98Hr6d1kLo_fSrROvd0YOw/c7QgWtD_phg.jpg?size=510x637&quality=95&sign=c45e9d805538bf9a62b7cfdbd915acd3&c_uniq_tag=BTZ00RVxL5KpiLiEWv_0mxVxjlFeoOAupUXCH25oFfU&type=album']
223504,"–†–æ—Ç–æ—Ä–∞ –ø—Ä–∏–±—ã–ª–∏! üèüÔ∏è 

#–†–æ—Ç–æ—Ä–ö—Ä–∞—Å–Ω–æ–¥–∞—Ä2  #–ñ–¥—ë—Ç–ü–æ–±–µ–¥—ã–í–æ–ª–≥–æ–≥—Ä–∞–¥",2024-05-15 17:35:13,149,4,1,4291,[]
223493,"–ê –º—ã –≤ –æ–∂–∏–¥–∞–Ω–∏–∏ –º–∞—Ç—á–∞ –Ω–∞ ¬´–í–æ–ª–≥–æ–≥—Ä–∞–¥ –ê—Ä–µ–Ω–µ¬ª üíôü©µ

–ù–∞—á–∞–ª–æ #–†–æ—Ç–æ—Ä–ö—Ä–∞—Å–Ω–æ–¥–∞—Ä2 —á–µ—Ä–µ–∑ 3,5 —á–∞—Å–∞ üîú
–ë–∏–ª–µ—Ç—ã –Ω–∞ –º–∞—Ç—á –º–æ–∂–Ω–æ –ø—Ä–∏–æ–±—Ä–µ—Å—Ç–∏ –æ–Ω–ª–∞–π–Ω vk.cc/cwCqli –∏ –≤ –∫–∞—Å—Å–µ –¥–æ –∫–æ–Ω—Ü–∞ –ø–µ—Ä–≤–æ–≥–æ —Ç–∞–π–º–∞! 

–û–±—ä—è–≤–ª—è–µ–º –ø–µ—Ä–µ–∫–ª–∏—á–∫—É —Å–µ–∫—Ç–æ—Ä–æ–≤. –ö–∞–∫–æ–π —Å–µ–∫—Ç–æ—Ä —Å–µ–≥–æ–¥–Ω—è #–ó–∞–†–æ—Ç–æ—Ä? üëáüèª",2024-05-15 15:32:13,88,5,1,3192,[]
223479,"üìò–ü—Ä–æ–≥—Ä–∞–º–º–∫–∞ –∫ –º–∞—Ç—á—É #–†–æ—Ç–æ—Ä–ö—Ä–∞—Å–Ω–æ–¥–∞—Ä2 

–°–µ–≥–æ–¥–Ω—è –Ω–∞—à–∏ –∏–≥—Ä–æ–∫–∏ –≤—ã–π–¥—É—Ç –≤ —Ñ–æ—Ä–º–µ —Å–µ–∑–æ–Ω–∞ 1997/1998.
–≠—Ç—É —Ñ–æ—Ä–º—É –º–æ–∂–Ω–æ –æ–ø–∏—Å–∞—Ç—å –æ–¥–Ω–∏–º —Å–ª–æ–≤–æ–º: –ª–µ–≥–µ–Ω–¥–∞.

üíô –ü–æ–∂–∞–ª—É–π, —Å–∞–º–∞—è –ª–µ–≥–µ–Ω–¥–∞—Ä–Ω–∞—è —Ñ–æ—Ä–º–∞ –∏–º–µ–Ω–Ω–æ —ç—Ç–∞: —Ç–µ–º–Ω–æ-—Å–∏–Ω–∏–µ –ø–æ–ª–æ—Å—ã, —á–µ—Ä–µ–¥—É—é—â–∏–µ—Å—è —Å —Ç–æ–Ω–∫–∏–º–∏ –±–µ–ª—ã–º–∏. –ï—Å–ª–∏ –∑–∞–π—Ç–∏ –≤ –ò–Ω—Ç–µ—Ä–Ω–µ—Ç –∏ –Ω–∞–ø–∏—Å–∞—Ç—å ¬´–†–æ—Ç–æ—Ä —Ä–µ—Ç—Ä–æ —Ñ–æ—Ä–º–∞¬ª, —Ç–æ –≤ —á–∏—Å–ª–µ –ø–µ—Ä–≤—ã—Ö –ø–æ—è–≤–∏—Ç—Å—è –∏–º–µ–Ω–Ω–æ —ç—Ç–∞. 

ü§© –ú–Ω–æ–≥–∏–µ –±–æ–ª–µ–ª—å—â–∏–∫–∏, –ª—é–±–∏—Ç–µ–ª–∏ —Ñ—É—Ç–±–æ–ª—å–Ω—ã—Ö –¥–∂–µ—Ä—Å–∏ –∏ –ø—Ä–æ—Å—Ç–æ –Ω–µ–π—Ç—Ä–∞–ª—å–Ω—ã–µ –∑—Ä–∏—Ç–µ–ª–∏ –≥–æ–≤–æ—Ä—è—Ç, —á—Ç–æ –∏–º–µ–Ω–Ω–æ —ç—Ç–æ—Ç –∫–æ–º–ø–ª–µ–∫—Ç –∞—Å—Å–æ—Ü–∏–∏—Ä—É–µ—Ç—Å—è —Å –Ω–∞—à–µ–π –∫–æ–º–∞–Ω–¥–æ–π. –ò –º—ã –Ω–µ –±—É–¥–µ–º —Å –Ω–∏–º–∏ —Å–ø–æ—Ä–∏—Ç—å.

–ü—Ä–æ–≥—Ä–∞–º–º–∫—É –º–æ–∂–Ω–æ –ø—Ä–∏–æ–±—Ä–µ—Å—Ç–∏ —É –Ω–∞—Å –≤ –º–∞–≥–∞–∑–∏–Ω—á–∏–∫–µ –Ω–∞ —Å—Ç–∞–¥–∏–æ–Ω–µ üè¨ 

#–ó–∞–†–æ—Ç–æ—Ä #–†—É–±–∏—Å—å–ó–∞–†–æ—Ç–æ—Ä",2024-05-15 14:05:19,74,4,4,3071,['https://sun150-1.userapi.com/impg/v_loaDO1jzwrWJJBsD-j7zgu44Tl3znVKBHVyA/YfYx4QalBbY.jpg?size=510x340&quality=95&sign=0ed09a5fe14d35259b5b6f4a56d85da2&c_uniq_tag=FGzcaWyoJQjBEUcUN2JFWislb9qUJke77k0Eg1cVrXc&type=album']
223478,"¬´–†–æ—Ç–æ—Ä¬ª ‚Äì ¬´–ö—Ä–∞—Å–Ω–æ–¥–∞—Ä-2¬ª: —Ñ–∞–Ω-–∑–æ–Ω–∞ üíôü©µ
 
–£–∂–µ —Å–µ–≥–æ–¥–Ω—è, 15 –º–∞—è –≤ 19:00, –º—ã –≤—Å—Ç—Ä–µ—Ç–∏–º—Å—è —Å –≤–∞–º–∏ –Ω–∞ ¬´–í–æ–ª–≥–æ–≥—Ä–∞–¥ –ê—Ä–µ–Ω–µ¬ª. –ù–∞–ø–æ–º–∏–Ω–∞–µ–º —Å–ø–∏—Å–æ–∫ –∞–∫—Ç–∏–≤–Ω–æ—Å—Ç–µ–π, –∫–æ—Ç–æ—Ä—ã–µ –±—É–¥—É—Ç –≤–∞—Å –∂–¥–∞—Ç—åüëá

‚úçüèª –∞–≤—Ç–æ–≥—Ä–∞—Ñ-—Å–µ—Å—Å–∏—è –§–∏–ª–∏–ø–ø–∞ –î–≤–æ—Ä–µ—Ü–∫–æ–≤–∞ 
üéÆ –∫–∏–±–µ—Ä—Ñ—É—Ç–±–æ–ª –æ—Ç Legalbet
‚öΩÔ∏è –∫–∏–∫–µ—Ä (–Ω–∞—Å—Ç–æ–ª—å–Ω—ã–π —Ñ—É—Ç–±–æ–ª)
üé® —Ä–∏—Å–æ–≤–∞–Ω–∏–µ –ø–ª–∞–∫–∞—Ç–æ–≤
üíß –∞–∫–≤–∞–≥—Ä–∏–º
üì∏ —Ñ–æ—Ç–æ–±—É–¥–∫–∞
üéØ —Ñ—É—Ç–±–æ–ª—å–Ω—ã–π —Ç–∏—Ä
üèÉüèª —Å–∏–º–≤–æ–ª–∏—á–µ—Å–∫–∏–π —É–¥–∞—Ä –ù–∏–∫–æ–ª–∞—è –û–ª–µ–Ω–∏–∫–æ–≤–∞
 
–ù–∞—à–∏–º–∏ –ø–∞—Ä—Ç–Ω—ë—Ä–∞–º–∏ —Å—Ç–∞–Ω—É—Ç:

üîπ –ë–ª–∏–Ω–ë–µ—Ä–∏
üîπ –î–æ–¥–æ –ü–∏—Ü—Ü–∞
üîπ Legalbet
üîπ –ê–ª—å—Ñ–∞-–±–∞–Ω–∫

–î—Ä—É–∑—å—è, –ø—Ä–∏—Ö–æ–¥–∏—Ç–µ –Ω–∞ –º–∞—Ç—á –∑–∞—Ä–∞–Ω–µ–µ –∏ –Ω–∞–ª–µ–≥–∫–µ, —á—Ç–æ–±—ã –Ω–µ —Å–æ–∑–¥–∞–≤–∞—Ç—å –æ—á–µ—Ä–µ–¥–∏ –Ω–∞ –≤—Ö–æ–¥–Ω—ã—Ö –∑–æ–Ω–∞—Ö. –°—Ç–∞–¥–∏–æ–Ω –æ—Ç–∫—Ä–æ–µ—Ç —Å–≤–æ–∏ –¥–≤–µ—Ä–∏ –≤ 17:00

–ü—Ä–∏ —Å–µ–±–µ —Ä–µ–∫–æ–º–µ–Ω–¥—É–µ—Ç—Å—è –∏–º–µ—Ç—å —Ä–∞—Å–ø–µ—á–∞—Ç–∞–Ω–Ω—É—é –≤–µ—Ä—Å–∏—é –±–∏–ª–µ—Ç–∞, —á—Ç–æ–±—ã –±—ã—Å—Ç—Ä–µ–µ –ø—Ä–æ—Ö–æ–¥–∏—Ç—å —á–µ—Ä–µ–∑ —Ç—É—Ä–Ω–∏–∫–µ—Ç—ã –∏ –Ω–µ —Å–æ–∑–¥–∞–≤–∞—Ç—å –æ—á–µ—Ä–µ–¥–∏ –Ω–∞ –≤—Ö–æ–¥–Ω—ã—Ö –≥—Ä—É–ø–ø–∞—Ö

–ü—Ä–∏ —Å–∫–∞–Ω–∏—Ä–æ–≤–∞–Ω–∏–∏ –ï-–±–∏–ª–µ—Ç–∞ —ç–∫—Ä–∞–Ω —Ç–µ–ª–µ—Ñ–æ–Ω–∞ –¥–æ–ª–∂–µ–Ω –±—ã—Ç—å –Ω–∞ –º–∞–∫—Å–∏–º–∞–ª—å–Ω–æ–π —è—Ä–∫–æ—Å—Ç–∏, –∏–∑–æ–±—Ä–∞–∂–µ–Ω–∏–µ –¥–æ–ª–∂–Ω–æ –±—ã—Ç—å —Ä–∞–∑–±–æ—Ä—á–∏–≤–æ, —ç–∫—Ä–∞–Ω –Ω–µ –ø–æ–≤—Ä–µ–∂–¥—ë–Ω, —Ñ—É–Ω–∫—Ü–∏—è –∞–≤—Ç–æ–ø–æ–≤–æ—Ä–æ—Ç–∞ –≤—ã–∫–ª—é—á–µ–Ω–∞

–ö–∞—Å—Å–∞ –≥–µ–π—Ç–∞ ‚Ññ2 —Ä–∞–±–æ—Ç–∞–µ—Ç –¥–æ –∫–æ–Ω—Ü–∞ –ø–µ—Ä–≤–æ–≥–æ —Ç–∞–π–º–∞

–ü—Ä–æ—Ö–æ–¥ –Ω–∞ —Å—Ç–∞–¥–∏–æ–Ω –±—É–¥–µ—Ç –æ—Å—É—â–µ—Å—Ç–≤–ª—è—Ç—å—Å—è —á–µ—Ä–µ–∑ 2, 5 –∏ 6 –≥–µ–π—Ç—ã

–î–æ—Å—Ç—É–ø–Ω—ã –≤–µ—Ä—Ö–Ω—è—è –∏ –Ω–∏–∂–Ω—è—è –ø–∞—Ä–∫–æ–≤–∫–∏ —Å–æ —Å—Ç–æ—Ä–æ–Ω—ã –í–ì–ê–§–ö–∞ –∏ –ø–∞—Ä–∫–æ–≤–∫–∞ —É –¢–†–ö ¬´Europa City Mall¬ª

üé´ –ü—Ä–∏–æ–±—Ä–µ—Å—Ç–∏ –±–∏–ª–µ—Ç—ã –Ω–∞ –º–∞—Ç—á –º–æ–∂–Ω–æ —Ç—É—Ç:  rotor-vlg.com –∏ vk.cc/cwCqli 

–î–æ –≤—Å—Ç—Ä–µ—á–∏! ü§òüèª

#–ñ–¥—ë—Ç–ü–æ–±–µ–¥—ã–í–æ–ª–≥–æ–≥—Ä–∞–¥",2024-05-15 13:00:02,88,0,3,3230,['https://sun150-1.userapi.com/impg/FCoS7dTjQQedCsflS3JeRMCGDuRbkawWwjJdVA/GBM-XMx2jGU.jpg?size=510x340&quality=95&sign=d7d324eec69082eb83d67691d0f924f4&c_uniq_tag=Vh5WT-mtqoqs6AJw2scoEgurOb8__GPHPUky6_sQKTI&type=album']
223467,"–° ¬´–ö—Ä–∞—Å–Ω–æ–¥–∞—Ä–æ–º-2¬ª –±—É–¥–µ–º –±–∏—Ç—å—Å—è –≤ –≥–æ–ª—É–±–æ–º ü©µ 
 
#–†—É–±–∏—Å—å–ó–∞–†–æ—Ç–æ—Ä",2024-05-15 11:58:46,217,12,4,5908,['https://sun9-29.userapi.com/impg/WkeMTMZIniPqikrofDUjZiJjckBO5G7qO5EdFQ/Lg078IWol5c.jpg?size=510x340&quality=95&sign=9ce799f6ee82f2a514d476f2d8f03b25&c_uniq_tag=HFFrIF0kNqsY_rqFJbzsKElTCsT455kiTYoDoTHfDaI&type=album']
223455,"–ï–≤–≥–µ–Ω–∏—é –ú—É—Ö–∏–Ω—É ‚Äî 21 üéÇ

–°–µ–≥–æ–¥–Ω—è –æ—Ç–º–µ—á–∞–µ—Ç –¥–µ–Ω—å —Ä–æ–∂–¥–µ–Ω–∏—è –Ω–∞–ø–∞–¥–∞—é—â–∏–π —Å–∏–Ω–µ-–≥–æ–ª—É–±—ã—Ö üéÅ

–û—Ç –≤—Å–µ–π –¥—É—à–∏ –∂–µ–ª–∞–µ–º –ñ–µ–Ω–µ –∫—Ä–µ–ø–∫–æ–≥–æ –∑–¥–æ—Ä–æ–≤—å—è, –ø—Ä–æ—Ñ–µ—Å—Å–∏–æ–Ω–∞–ª—å–Ω—ã—Ö —É—Å–ø–µ—Ö–æ–≤ –∏ –∫–∞–∫ –º–æ–∂–Ω–æ –±–æ–ª—å—à–µ –≥–æ–ª–æ–≤ –∑–∞ ¬´–†–æ—Ç–æ—Ä¬ª üíôü©µ

#–ó–∞–†–æ—Ç–æ—Ä",2024-05-15 11:00:03,96,11,0,2504,['https://sun150-1.userapi.com/impg/SYXTM_z2myqPZTv5NSRZl7chiULGijoJ-zEO9A/8BsSpDDjdaE.jpg?size=510x510&quality=95&sign=86df471711fcfb10ddc7ff249183a0ec&c_uniq_tag=x5vEe4HT4IG4IfhJZeR5yKZXcYx00fYt8yXAjm7zQLw&type=album']
223446,"–î–µ–Ω—å –¥–æ–º–∞—à–Ω–µ–≥–æ –º–∞—Ç—á–∞ ü§ò

¬´–†–æ—Ç–æ—Ä¬ª ‚öîÔ∏è ¬´–ö—Ä–∞—Å–Ω–æ–¥–∞—Ä-2¬ª

‚åö 19:00
üèüÔ∏è ¬´–í–æ–ª–≥–æ–≥—Ä–∞–¥ –ê—Ä–µ–Ω–∞¬ª
üì∫ –¢—Ä–∞–Ω—Å–ª—è—Ü–∏—è [https://vk.com/video-139174916_456241902|–∑–¥–µ—Å—å]
üèÜ Leon-–í—Ç–æ—Ä–∞—è –ª–∏–≥–∞ –ê | 14 —Ç—É—Ä
üé´ rotor-vlg.com –∏ vk.cc/cwCqli 

#–ñ–¥—ë—Ç–ü–æ–±–µ–¥—ã–í–æ–ª–≥–æ–≥—Ä–∞–¥",2024-05-15 10:00:04,150,22,10,5451,['https://sun150-1.userapi.com/impg/x_dAYVBFV9CmmMsU3lyEms0E-kbQE33gxxj5cw/SoBgp-wgDto.jpg?size=510x637&quality=95&sign=9d1730fca568c766e64dee898762ec7f&c_uniq_tag=tuo6QNRR41aYuNcRr-4Gk1Na9XFi1am0HTcR2Jntp-0&type=album']
223432,"–£—Å–ø–µ–π –ø–æ–ª—É—á–∏—Ç—å –∞–≤—Ç–æ–≥—Ä–∞—Ñ –ø–æ–ª—É–∑–∞—â–∏—Ç–Ω–∏–∫–∞ –°–ö ¬´–†–æ—Ç–æ—Ä¬ª! üòâ

–ó–∞–≤—Ç—Ä–∞, 15 –º–∞—è, –§–∏–ª–∏–ø–ø –î–≤–æ—Ä–µ—Ü–∫–æ–≤ —Ä–∞–∑–¥–∞—Å—Ç –∞–≤—Ç–æ–≥—Ä–∞—Ñ—ã –∏ —Å—Ñ–æ—Ç–æ–≥—Ä–∞—Ñ–∏—Ä—É–µ—Ç—Å—è —Å–æ –≤—Å–µ–º–∏ –∂–µ–ª–∞—é—â–∏–º–∏ ‚úçüèªüì∏

–°—Ç–∞–¥–∏–æ–Ω –æ—Ç–∫—Ä–æ–µ—Ç —Å–≤–æ–∏ –¥–≤–µ—Ä–∏ –≤ 17:00, –∞–≤—Ç–æ–≥—Ä–∞—Ñ-—Å–µ—Å—Å–∏—è –Ω–∞—á–Ω—ë—Ç—Å—è –Ω–∞ –ø–ª–æ—â–∞–¥–∏ –ø–µ—Ä–µ–¥ —Å—Ç–∞–¥–∏–æ–Ω–æ–º –≤ 17:30 üîú

üé´ –ü—Ä–∏–æ–±—Ä–µ—Å—Ç–∏ –±–∏–ª–µ—Ç—ã –Ω–∞ –º–∞—Ç—á –º–æ–∂–Ω–æ —Ç—É—Ç: rotor-vlg.com –∏ vk.cc/cwCqli 

#–ó–∞–†–æ—Ç–æ—Ä",2024-05-14 19:30:00,108,9,7,4277,['https://sun150-1.userapi.com/impg/6y8Ap3Ngmiop2sDbx36SvjIMJEFZ66tbwMvh-Q/2qiHSI_Ra6s.jpg?size=510x637&quality=95&sign=4a969179773b37b08be733a85f1d3187&c_uniq_tag=7DOt80JZ3QQ4cDhqM29KJ9W8AtTgsl0QqVVtrJDBUHA&type=album']
223430,"–ü—Ä–µ–¥–º–∞—Ç—á–µ–≤–∞—è ‚Äî ‚òëÔ∏è

#–†–æ—Ç–æ—Ä–ö—Ä–∞—Å–Ω–æ–¥–∞—Ä2 —É–∂–µ –∑–∞–≤—Ç—Ä–∞ üîú

üé´ –ü—Ä–∏–æ–±—Ä–µ—Å—Ç–∏ –±–∏–ª–µ—Ç—ã –Ω–∞ –º–∞—Ç—á –º–æ–∂–Ω–æ —Ç—É—Ç:  rotor-vlg.com –∏ vk.cc/cwCqli 

–î–æ –≤—Å—Ç—Ä–µ—á–∏! ü§òüèª

#–ñ–¥—ë—Ç–ü–æ–±–µ–¥—ã–í–æ–ª–≥–æ–≥—Ä–∞–¥",2024-05-14 18:40:16,92,2,2,3732,[]
223425,"–ö–æ–≥–¥–∞ –ø–∞—Ä—Ç–Ω–µ—Ä—ã —É–∂–µ –±–µ—Å—Å–∏–ª—å–Ω—ã, –Ω–∞–¥–µ–∂–¥–∞ —Ç–æ–ª—å–∫–æ –Ω–∞ —ç—Ç–∏—Ö –ø–∞—Ä–Ω–µ–π üß§",2024-05-14 16:30:00,124,1,2,5363,"['https://sun150-1.userapi.com/impg/wP4PiFNI9RZx94Qs3kEtk7fIylUz-UNtR5tTwQ/QBmgzIRPx9o.jpg?size=510x408&quality=95&sign=3d1c02f9d5efea2ce31fc76c450904db&c_uniq_tag=3ha0ti43D3yPsUdE7r8Pzd4seIUrtGYaTEoxI_9PRGA&type=album', 'https://sun9-29.userapi.com/impg/ojjaqczqcRWRecxFGtfJRWi1vZGgeETXsUDFUQ/FINDBkd_DHg.jpg?size=510x408&quality=95&sign=d1a796821d91aedb2bbf545b36df36ea&c_uniq_tag=SB8NMMIo_0gaPa_f2Oi2Vo2x0ej42tre5trDiV6FZgE&type=album', 'https://sun150-2.userapi.com/impg/owg7G2efBk3gG5IR8PUNa6mRUJc3k9yUfcWtAA/XXzr4QGA7hQ.jpg?size=510x408&quality=95&sign=2682b9e0e774791b2c6d6c2b211f026f&c_uniq_tag=Y8_m_hDt2duXsIU3ntI8vhyYd_DkFM7gUiKsoU2X7og&type=album', 'https://sun150-2.userapi.com/impg/P7M_oXQ9kMnbDXZNfmF_RuovIz-GzZkQP90OyQ/yVuS3DxD5JU.jpg?size=510x408&quality=95&sign=d47bf7448d118d8583a4c30fbd1566cb&c_uniq_tag=5QbLFYhanNSYlC_LQSVznAwHfGLnZApZt2mGw82xwmY&type=album', 'https://sun150-2.userapi.com/impg/U0kFT6vetNFXBjQa-CuDHnTUJSg-AkqJfM5Eog/5Cinr4XAerE.jpg?size=510x408&quality=95&sign=2df6fd2cbc458ba1e896d67c2618ee15&c_uniq_tag=8FPI3aoAQqJUycVdxb-Pg56dFfR1ECZEMQJ7pdudGsc&type=album', 'https://sun150-2.userapi.com/impg/jutK0SqvAiZSsvg3AMLOzWF2sFxgxG36gelDDg/mwROlvGwJDQ.jpg?size=510x408&quality=95&sign=338553c17cf6d1d245959fc99ee3c7d5&c_uniq_tag=NqdRVrqb0uLH6nM3o8rrztvlKBtB3kMLr-pHDfe9Dtg&type=album', 'https://sun150-2.userapi.com/impg/o8P8pwxZoVKEeTKWXNnQiGXLF2YyeG96rNL3LQ/MrE4ZuBLwXo.jpg?size=510x408&quality=95&sign=9aaa11eb63d181d759bc9bdf7b6dd5cb&c_uniq_tag=pMJbt_1S9Sv-4YL__NILw1cXg6JkxQZYp_hPMYZuLkg&type=album']"
223422,¬´–†–æ—Ç–æ—Ä¬ª - ¬´–ö—Ä–∞—Å–Ω–æ–¥–∞—Ä-2¬ª: –ø—Ä–µ–≤—å—é –∫ –º–∞—Ç—á—É üëÄ,2024-05-14 15:30:00,35,0,3,3173,[]
223420,"¬´–†–æ—Ç–æ—Ä¬ª ‚Äì ¬´–ö—Ä–∞—Å–Ω–æ–¥–∞—Ä-2¬ª: —Ä–∞—Å–ø–∏—Å–∞–Ω–∏–µ —ç–ª–µ–∫—Ç—Ä–∏—á–µ–∫ üöá

‚û° –ë—ã—Å—Ç—Ä–æ –∏ –∫–æ–º—Ñ–æ—Ä—Ç–Ω–æ –∫ –Ω–∞—á–∞–ª—É –º–∞—Ç—á–∞ –º–æ–∂–Ω–æ –±—É–¥–µ—Ç –¥–æ–±—Ä–∞—Ç—å—Å—è –Ω–∞ —Å–ª–µ–¥—É—é—â–∏—Ö –ø—Ä–∏–≥–æ—Ä–æ–¥–Ω—ã—Ö –ø–æ–µ–∑–¥–∞—Ö: 
‚ñ´–æ—Ç —Å—Ç. –®–ø–∞–ª–æ–ø—Ä–æ–ø–∏—Ç–∫–∞ (16:58) –¥–æ –æ.–ø. –ú–∞–º–∞–µ–≤ –ö—É—Ä–≥–∞–Ω (17:58) 
‚ñ´–æ—Ç –æ.–ø. –Æ–∂–Ω–∞—è (17:21) –¥–æ –æ.–ø. –ú–∞–º–∞–µ–≤ –ö—É—Ä–≥–∞–Ω (18:42) 
 
‚¨Ö –ü–æ—Å–ª–µ –æ–∫–æ–Ω—á–∞–Ω–∏—è –º–∞—Ç—á–∞ –Ω–∞–∑–Ω–∞—á–∞—é—Ç—Å—è –¥–æ–ø–æ–ª–Ω–∏—Ç–µ–ª—å–Ω—ã–µ –ø—Ä–∏–≥–æ—Ä–æ–¥–Ω—ã–µ –ø–æ–µ–∑–¥–∞: 
 
üöâ ‚Ññ 6339, —Å–æ–æ–±—â–µ–Ω–∏–µ–º –ö—Ä–∞—Å–Ω–æ–æ–∫—Ç—è–±—Ä—å—Å–∫–∞—è - –®–ø–∞–ª–æ–ø—Ä–æ–ø–∏—Ç–∫–∞ 
‚ñ´–û—Ç–ø—Ä–∞–≤–ª–µ–Ω–∏–µ–º —Å –æ.–ø. –ú–∞–º–∞–µ–≤ –ö—É—Ä–≥–∞–Ω –≤ 21:36 (–Ω–∏–∂–Ω—è—è –ø–ª–∞—Ç—Ñ–æ—Ä–º–∞) 
‚ñ´–ü—Ä–∏–±—ã—Ç–∏–µ–º –Ω–∞ —Å—Ç. –®–ø–∞–ª–æ–ø—Ä–æ–ø–∏—Ç–∫–∞ –≤ 22:47 
 
üöâ ‚Ññ6437/6438 —Å–æ–æ–±—â–µ–Ω–∏–µ–º –í–æ–ª–≥–æ–≥—Ä–∞–¥-1 - –í–æ–ª–∂—Å–∫–∏–π 
‚ñ´–û—Ç–ø—Ä–∞–≤–ª–µ–Ω–∏–µ–º —Å –æ.–ø. –ú–∞–º–∞–µ–≤ –ö—É—Ä–≥–∞–Ω –≤ 21:49 (–≤–µ—Ä—Ö–Ω—è—è –ø–ª–∞—Ç—Ñ–æ—Ä–º–∞); 
‚ñ´–ü—Ä–∏–±—ã—Ç–∏–µ–º –Ω–∞ —Å—Ç. –í–æ–ª–∂—Å–∫–∏–π –≤ 22:32",2024-05-14 14:55:11,39,0,4,2492,['https://sun150-1.userapi.com/impg/mZwuD4i0NIiAFfRYyv_pYNxJllZD5f-RMSopkQ/v11YR1KVI7Y.jpg?size=510x510&quality=95&sign=a2657e6aac590815125b802108286e80&c_uniq_tag=u4f7fBUui7p2dKPHiS2iF0VflJvEHqzmvPDZ52_6ML8&type=album']
223417,"üëÆ‚Äç‚ôÇ –ú–∞—Ç—á ¬´–†–æ—Ç–æ—Ä¬ª - ¬´–ö—Ä–∞—Å–Ω–æ–¥–∞—Ä-2¬ª —Ä–∞—Å—Å—É–¥–∏—Ç –ú–∞–∫—Å–∏–º –ü–µ—Ä–µ–∑–≤–∞ 
 
–ù–∞–∑–Ω–∞—á–µ–Ω—ã —Å—É–¥—å–∏, –∏–Ω—Å–ø–µ–∫—Ç–æ—Ä—ã –∏ –¥–µ–ª–µ–≥–∞—Ç—ã –Ω–∞ –º–∞—Ç—á–∏ 14-–≥–æ —Ç—É—Ä–∞ LEON-–í—Ç–æ—Ä–æ–π –ª–∏–≥–∏ –ê —Å–µ–∑–æ–Ω–∞ 2023/24 
 
–ì–ª–∞–≤–Ω—ã–π –∞—Ä–±–∏—Ç—Ä - –ú–∞–∫—Å–∏–º –ü–µ—Ä–µ–∑–≤–∞ (–†–∞–º–µ–Ω—Å–∫–æ–µ), 
–ê—Å—Å–∏—Å—Ç–µ–Ω—Ç—ã –∞—Ä–±–∏—Ç—Ä–∞ - –Ø—Ä–æ—Å–ª–∞–≤ –ö–∞–ª–∏–Ω–∏—á–µ–Ω–∫–æ (–ü–µ—Ä–º—å), –ê–ª–µ–∫—Å–µ–π –ß–∞–ø–ª—ã–≥–∏–Ω (–ú–æ—Å–∫–≤–∞), 
–†–µ–∑–µ—Ä–≤–Ω—ã–π —Å—É–¥—å—è - –î–µ–Ω–∏—Å –£—Ç–∫–∏–Ω (–í–æ–ª–≥–æ–≥—Ä–∞–¥), 
–ò–Ω—Å–ø–µ–∫—Ç–æ—Ä - –ê–ª–µ–∫—Å–µ–π –ü—á–µ–ª–∏–Ω—Ü–µ–≤ (–†—è–∑–∞–Ω—å)",2024-05-14 14:00:03,53,2,3,3559,['https://sun150-1.userapi.com/impg/BS-VZpfYOgu4oWiF3Xhpk8Ch9pMTBivivUGS4Q/PesIrR_HJ6I.jpg?size=1200x803&quality=96&sign=7ced843a54315181fe55b1701c49dd42&c_uniq_tag=bDqNTG9tNglKDp7EWFX5LCVBGMm-MAdFrjITyIfxh_Q&type=album']
223414,"¬´–†–æ—Ç–æ—Ä¬ª ‚Äì ¬´–ö—Ä–∞—Å–Ω–æ–¥–∞—Ä-2¬ª: —Ñ–∞–Ω-–∑–æ–Ω–∞ üíôü©µ
 
–ú–∞—Ç—á —Å–æ—Å—Ç–æ–∏—Ç—Å—è 15 –º–∞—è –∏ –ø—Ä–æ–π–¥—ë—Ç –Ω–∞ ¬´–í–æ–ª–≥–æ–≥—Ä–∞–¥ –ê—Ä–µ–Ω–µ¬ª. –ü—Ä–µ–¥—Å—Ç–∞–≤–ª—è–µ–º —Å–ø–∏—Å–æ–∫ –∞–∫—Ç–∏–≤–Ω–æ—Å—Ç–µ–π, –∫–æ—Ç–æ—Ä—ã–µ –±—É–¥—É—Ç –≤–∞—Å –∂–¥–∞—Ç—å —É–∂–µ –∑–∞–≤—Ç—Ä–∞üëá
 
üéÆ –∫–∏–±–µ—Ä—Ñ—É—Ç–±–æ–ª –æ—Ç Legalbet
‚öΩÔ∏è –∫–∏–∫–µ—Ä (–Ω–∞—Å—Ç–æ–ª—å–Ω—ã–π —Ñ—É—Ç–±–æ–ª)
üé® —Ä–∏—Å–æ–≤–∞–Ω–∏–µ –ø–ª–∞–∫–∞—Ç–æ–≤
üíß –∞–∫–≤–∞–≥—Ä–∏–º
üì∏ —Ñ–æ—Ç–æ–±—É–¥–∫–∞
üéØ —Ñ—É—Ç–±–æ–ª—å–Ω—ã–π —Ç–∏—Ä
üèÉüèª —Å–∏–º–≤–æ–ª–∏—á–µ—Å–∫–∏–π —É–¥–∞—Ä –ù–∏–∫–æ–ª–∞—è –û–ª–µ–Ω–∏–∫–æ–≤–∞ 
 
–ù–∞—à–∏–º–∏ –ø–∞—Ä—Ç–Ω—ë—Ä–∞–º–∏ —Å—Ç–∞–Ω—É—Ç:

üîπ –ë–ª–∏–Ω–ë–µ—Ä–∏
üîπ –î–æ–¥–æ –ü–∏—Ü—Ü–∞
üîπ Legalbet (t.me/legalbet)
üîπ –ê–ª—å—Ñ–∞-–±–∞–Ω–∫

–î—Ä—É–∑—å—è, –ø—Ä–∏—Ö–æ–¥–∏—Ç–µ –Ω–∞ –º–∞—Ç—á –∑–∞—Ä–∞–Ω–µ–µ –∏ –Ω–∞–ª–µ–≥–∫–µ, —á—Ç–æ–±—ã –Ω–µ —Å–æ–∑–¥–∞–≤–∞—Ç—å –æ—á–µ—Ä–µ–¥–∏ –Ω–∞ –≤—Ö–æ–¥–Ω—ã—Ö –∑–æ–Ω–∞—Ö. –°—Ç–∞–¥–∏–æ–Ω –æ—Ç–∫—Ä–æ–µ—Ç —Å–≤–æ–∏ –¥–≤–µ—Ä–∏ –≤ 17:00

–ü—Ä–∏ —Å–µ–±–µ —Ä–µ–∫–æ–º–µ–Ω–¥—É–µ—Ç—Å—è –∏–º–µ—Ç—å —Ä–∞—Å–ø–µ—á–∞—Ç–∞–Ω–Ω—É—é –≤–µ—Ä—Å–∏—é –±–∏–ª–µ—Ç–∞, —á—Ç–æ–±—ã –±—ã—Å—Ç—Ä–µ–µ –ø—Ä–æ—Ö–æ–¥–∏—Ç—å —á–µ—Ä–µ–∑ —Ç—É—Ä–Ω–∏–∫–µ—Ç—ã –∏ –Ω–µ —Å–æ–∑–¥–∞–≤–∞—Ç—å –æ—á–µ—Ä–µ–¥–∏ –Ω–∞ –≤—Ö–æ–¥–Ω—ã—Ö –≥—Ä—É–ø–ø–∞—Ö

–ü—Ä–∏ —Å–∫–∞–Ω–∏—Ä–æ–≤–∞–Ω–∏–∏ –ï-–±–∏–ª–µ—Ç–∞ —ç–∫—Ä–∞–Ω —Ç–µ–ª–µ—Ñ–æ–Ω–∞ –¥–æ–ª–∂–µ–Ω –±—ã—Ç—å –Ω–∞ –º–∞–∫—Å–∏–º–∞–ª—å–Ω–æ–π —è—Ä–∫–æ—Å—Ç–∏, –∏–∑–æ–±—Ä–∞–∂–µ–Ω–∏–µ –¥–æ–ª–∂–Ω–æ –±—ã—Ç—å —Ä–∞–∑–±–æ—Ä—á–∏–≤–æ, —ç–∫—Ä–∞–Ω –Ω–µ –ø–æ–≤—Ä–µ–∂–¥—ë–Ω, —Ñ—É–Ω–∫—Ü–∏—è –∞–≤—Ç–æ–ø–æ–≤–æ—Ä–æ—Ç–∞ –≤—ã–∫–ª—é—á–µ–Ω–∞

–ö–∞—Å—Å–∞ –≥–µ–π—Ç–∞ ‚Ññ2 —Ä–∞–±–æ—Ç–∞–µ—Ç –¥–æ –∫–æ–Ω—Ü–∞ –ø–µ—Ä–≤–æ–≥–æ —Ç–∞–π–º–∞

–ü—Ä–æ—Ö–æ–¥ –Ω–∞ —Å—Ç–∞–¥–∏–æ–Ω –±—É–¥–µ—Ç –æ—Å—É—â–µ—Å—Ç–≤–ª—è—Ç—å—Å—è —á–µ—Ä–µ–∑ 2, 5 –∏ 6 –≥–µ–π—Ç—ã

–î–æ—Å—Ç—É–ø–Ω—ã –≤–µ—Ä—Ö–Ω—è—è –∏ –Ω–∏–∂–Ω—è—è –ø–∞—Ä–∫–æ–≤–∫–∏ —Å–æ —Å—Ç–æ—Ä–æ–Ω—ã –í–ì–ê–§–ö–∞ –∏ –ø–∞—Ä–∫–æ–≤–∫–∞ —É –¢–†–ö ¬´Europa City Mall¬ª

üé´ –ü—Ä–∏–æ–±—Ä–µ—Å—Ç–∏ –±–∏–ª–µ—Ç—ã –Ω–∞ –º–∞—Ç—á –º–æ–∂–Ω–æ —Ç—É—Ç:  rotor-vlg.com –∏ vk.cc/cwCqli 

–î–æ –≤—Å—Ç—Ä–µ—á–∏! ü§òüèª

#–ñ–¥—ë—Ç–ü–æ–±–µ–¥—ã–í–æ–ª–≥–æ–≥—Ä–∞–¥",2024-05-14 11:30:04,46,0,2,2446,['https://sun150-2.userapi.com/impg/vApct9CBYjNQijoNh-7r3rJgnfNlGFUOotbyog/NpKOzGnh8GM.jpg?size=510x510&quality=95&sign=8878d1091e54dd04bd9e1ce8a1738643&c_uniq_tag=E-vWaHcIeryKhkV5iUxNUBl7_aFUF-BhQs49nZXIREM&type=album']
223408,,2024-05-13 21:56:29,85,2,1,4797,[]
223401,"–†–∞—Å—Å–∫–∞–∑—ã–≤–∞–µ–º, –∫–∞–∫ –º–æ–∂–Ω–æ –ø–æ–¥–¥–µ—Ä–∂–∞—Ç—å ¬´–†–æ—Ç–æ—Ä¬ª –≤ –≤—ã–µ–∑–¥–Ω–æ–º –º–∞—Ç—á–µ –ø—Ä–æ—Ç–∏–≤ —Ñ—É—Ç–±–æ–ª—å–Ω–æ–≥–æ –∫–ª—É–±–∞ ¬´–†–æ–¥–∏–Ω–∞-2¬ª üëáüèª

–ò–≥—Ä–∞ –ø—Ä–æ–π–¥—ë—Ç –Ω–∞ —Å—Ç–∞–¥–∏–æ–Ω–µ ¬´–°–ø–∞—Ä—Ç–∞–∫–æ–≤–µ—Ü¬ª (–ú–æ—Å–∫–≤–∞, —É–ª. 3-—è –ì—Ä–∞–∂–¥–∞–Ω—Å–∫–∞—è, 47) 19 –º–∞—è –∏ –Ω–∞—á–Ω—ë—Ç—Å—è –≤ 15:00 üèü

üîπ–ü—Ä–æ—Ö–æ–¥ –Ω–∞ —Å—Ç–∞–¥–∏–æ–Ω —Å 14:00
üîπ–°–µ–∫—Ç–æ—Ä –∞–∫—Ç–∏–≤–Ω—ã—Ö –±–æ–ª–µ–ª—å—â–∏–∫–æ–≤ –°–ö ¬´–†–æ—Ç–æ—Ä¬ª ‚Äî –í2
üîπ–ë–∏–ª–µ—Ç—ã –º–æ–∂–Ω–æ –ø—Ä–∏–æ–±—Ä–µ—Å—Ç–∏ –ø–æ —Å—Å—ã–ª–∫–µ: vk.cc/cwMAeH
üîπ–¶–µ–Ω–∞ –±–∏–ª–µ—Ç–∞ ‚Äî 100 —Ä—É–±–ª–µ–π
üîπ–î–æ—Å–º–æ—Ç—Ä –±–∞–Ω–Ω–µ—Ä–æ–≤ –Ω–µ –ø–æ–∑–¥–Ω–µ–µ 45 –º–∏–Ω—É—Ç –¥–æ –Ω–∞—á–∞–ª–∞ –º–∞—Ç—á–∞ –ø–µ—Ä–µ–¥ —Å–µ–∫—Ç–æ—Ä–æ–º

–ï—Å–ª–∏ —É –≤–∞—Å –≤–æ–∑–Ω–∏–∫–Ω—É—Ç –≤–æ–ø—Ä–æ—Å—ã, –æ–±—Ä–∞—â–∞–π—Ç–µ—Å—å –ø–æ —Ç–µ–ª–µ—Ñ–æ–Ω—É +7 (961) 064-25-84, —Å–ø–µ—Ü–∏–∞–ª–∏—Å—Ç –ø–æ —Ä–∞–±–æ—Ç–µ —Å –±–æ–ª–µ–ª—å—â–∏–∫–∞–º–∏ –û–ª–µ–≥ –ß–∞–ª—á–µ–Ω–∫–æ

#–†–æ—Ç–æ—Ä #–ó–∞–†–æ—Ç–æ—Ä #–†—É–±–∏—Å—å–ó–∞–†–æ—Ç–æ—Ä",2024-05-13 17:30:00,46,2,7,3633,['https://sun150-1.userapi.com/impg/Sw3P_5pzjKsxGdyFn0QMjMOX223OiCjKGm54cw/kHACAmZUuM4.jpg?size=510x340&quality=95&sign=6007a5d285640155e03884b26efab51c&c_uniq_tag=NlTYVitUCBlUEyofOveKZi2kHhq3a-IaXRevAv-zMWc&type=album']
223397,–ì–æ—Ç–æ–≤–∏–º—Å—è –≤ –æ—Ç–ª–∏—á–Ω–æ–º –Ω–∞—Å—Ç—Ä–æ–µ–Ω–∏–∏ üòâ,2024-05-13 16:00:03,147,0,2,6793,"['https://sun150-1.userapi.com/impg/NSGGrpdOGm9DTJjXEs3bD6irbQJ6cAzNAz36uA/Q07Ah_rOGrs.jpg?size=510x408&quality=95&sign=6ea5f781088562c2999b699552c0aac1&c_uniq_tag=9rDeoPiKXQXh-U3RYnTcdsqic4wooteFZAis-CKKLa4&type=album', 'https://sun150-2.userapi.com/impg/t-Ae5pyNZBjoX5h8QfC5KCQEk-TvNABsian-4Q/BZVseYtGCQg.jpg?size=510x408&quality=95&sign=efa97cefd5494e0accb7387abf9456da&c_uniq_tag=jQxyB4RLpGbFskc9T1IcFW0ByL0ZIT82Ylhcd8rnJ3g&type=album', 'https://sun150-1.userapi.com/impg/Td0lJv-VYkkxgnV5AOHfo6Al5AnKlQZqPA2pXQ/uaJasVqSgeY.jpg?size=510x408&quality=95&sign=64f89f32eebddc444c9f5d7b5472c237&c_uniq_tag=bev-qDRwxo-7_IJ2Nrb9x7xLOEN3fhSwwfUBTDrq7g0&type=album', 'https://sun150-1.userapi.com/impg/m5AuyCsi05I7zgkQhMAt4aSCHlcPoAimhdFQqw/62ulXsrLIXc.jpg?size=510x408&quality=95&sign=147976c34af0a56685306fb76e6c4e70&c_uniq_tag=AnYSqecGYvu_Qh-M14HEUD9YvGl4dvS-YzbuV67kexY&type=album', 'https://sun150-1.userapi.com/impg/m4_-Xwzo7BJg9k2vL5buAvvcQ4S-uBRdMzva1Q/tnbpJB68lQA.jpg?size=510x408&quality=95&sign=f1ebbb25ec4aaa61d45704292861dd90&c_uniq_tag=YEamUPTP_pSsCzzoeRXBltwpg7qP5FeEJnnuwmdPuYk&type=album', 'https://sun150-2.userapi.com/impg/O5ueg9WANBxgKIMgQtH7ZQkfYWrTb7fCH2biHQ/UivLQ5fb5HA.jpg?size=510x408&quality=95&sign=0e7af9db4e1c668f359ce78204a752ef&c_uniq_tag=1Ie6tLwCUkWxPFMDGB6PFAxYxDnLaBi2Q-MhyuDWOnk&type=album', 'https://sun9-15.userapi.com/impg/e5oxBwCzRzSjH7EZMau6F4HPqLP1wl-Cl_ZEYQ/1LOMZvjUwoU.jpg?size=510x408&quality=95&sign=56160312fae449c2571317213622f3ef&c_uniq_tag=9PS7cQ73m13jDAeafhiBAucdg4ozJU7774S7Bt9A7tc&type=album', 'https://sun150-2.userapi.com/impg/ecllIyLXeDr7PTYh9HoWjqdnGeuD9Fv8aqwu5w/33sWbmXc1P0.jpg?size=510x408&quality=95&sign=bfd688b259c8988542127f35e3de927b&c_uniq_tag=N0_UP1ZDyVOGr1iqZULk80E-wg8ME4mh2TfTo4LEUyE&type=album', 'https://sun150-1.userapi.com/impg/U58ULQn3eZkKiTCdKEuye-ZrM7VS8a_pPO7vvQ/ZjSckZJ_Z1s.jpg?size=510x408&quality=95&sign=98ee6dc3e705b3e6c472b57b6649a3c5&c_uniq_tag=7SN3LZbfCzZzBFxGi4ro3Ez4xwFFemdaA_J-5TqEZE8&type=album']"
223389,"–ê–ª–µ–∫—Å–µ–π –í–∞–ª–µ—Ä—å–µ–≤–∏—á –ø—Ä–∏–≥–ª–∞—à–∞–µ—Ç –≤—Å–µ—Ö –Ω–∞ –º–∞—Ç—á —Å ¬´–ö—Ä–∞—Å–Ω–æ–¥–∞—Ä–æ–º-2¬ª üí™ 
 
–ü—Ä–æ–ø—É—Å–∫–∞—Ç—å ‚Äî –∑–∞–ø—Ä–µ—â–µ–Ω–æ! –ë–∏–ª–µ—Ç—ã –º–æ–∂–Ω–æ –ø—Ä–∏–æ–±—Ä–µ—Å—Ç–∏ —Ç—É—Ç rotor-vlg.com –∏ vk.cc/cwCqli üëà 
 
#–ó–∞–†–æ—Ç–æ—Ä #–†—É–±–∏—Å—å–ó–∞–†–æ—Ç–æ—Ä #–í–º–µ—Å—Ç–µ–°–º–æ–∂–µ–º–í—Å–µ",2024-05-13 15:00:03,174,11,7,5787,[]
223382,"–ò–Ω–¥–∏–≤–∏–¥—É–∞–ª—å–Ω–∞—è —Å—Ç–∞—Ç–∏—Å—Ç–∏–∫–∞ –∏–≥—Ä–æ–∫–æ–≤ –≤ –º–∞—Ç—á–µ #–ú–µ—Ç–∞–ª–ª—É—Ä–≥–†–æ—Ç–æ—Ä

#–†—É–±–∏—Å—å–ó–∞–†–æ—Ç–æ—Ä",2024-05-13 13:20:00,85,3,0,6137,"['https://sun150-2.userapi.com/impg/VODyrDQxyvraRCjQLOU2na2Uh8LL6B7cCfML8Q/6nK1BG1Kz0k.jpg?size=510x510&quality=95&sign=c1d60d66de202497459e1c46c46f78e7&c_uniq_tag=w3eE4wM2v_5TXSrFdiEFbsx5LYAOSwCIGgo7lNAoGok&type=album', 'https://sun150-2.userapi.com/impg/4WgyZzNfxzTozu4x_F5eSktg84ACLPzrvcatPw/kkVTnb8igkE.jpg?size=510x510&quality=95&sign=1bef9fa72cf52f9a0a3b06ef05ad38d3&c_uniq_tag=x3rpAqkp0PAwi5L1iDxT5ioq8-I1GIw-Lfe4xdSmkMM&type=album', 'https://sun150-2.userapi.com/impg/e8EPRI-XXfd-C6vESqL6XqSAxpM_XLGr1Bia6g/a29dxGennYA.jpg?size=510x510&quality=95&sign=39a7b4caf0a0b224c5ceace0f755d8fe&c_uniq_tag=xJXlM7iFw3tV6Z93Ys6piowagiT_yUY1Dg1aAYlYl4w&type=album', 'https://sun150-2.userapi.com/impg/lAeK_fY5I0owjX3tMO1AFlwmjQrrKPNLBA1mJQ/JnTuUSaHdsI.jpg?size=510x510&quality=95&sign=4635452c79de0dbc111030c63d6ae095&c_uniq_tag=32Fkb91FGknFRPY6VgXur_ySAK1eQmfKgduvH2INE10&type=album', 'https://sun9-2.userapi.com/impg/oCd0TEqa9AUnGNXG4iFYezXBqV3SxmnZy507wA/2O6m3Wpg4Qk.jpg?size=510x510&quality=95&sign=7d6b71015e1b49994938ce3a76bf7e0b&c_uniq_tag=g9PHhsXBtB-nMPux0VenVjwfp8g7ciKLJihePpJjTKY&type=album', 'https://sun150-1.userapi.com/impg/bkiI659ZuhxzuyXA9DGxZDo7rPgGaMYlQcBspA/Wdi3Cx7OA6w.jpg?size=510x510&quality=95&sign=64d6f9a819f6c82ddb1ee9d73021aa01&c_uniq_tag=gdqLYuet6h_C8c-TufQ0VAfFNE0j_ZhDSVZSWST2KZ0&type=album']"
223363,"–ë–∏–ª–µ—Ç—ã –Ω–∞ –º–∞—Ç—á ¬´–†–æ—Ç–æ—Ä¬ª —Ö ¬´–ö—Ä–∞—Å–Ω–æ–¥–∞—Ä-2¬ª –º–æ–∂–Ω–æ –ø—Ä–∏–æ–±—Ä–µ—Å—Ç–∏ –≤ –∫–∞—Å—Å–∞—Ö ¬´–í–æ–ª–≥–æ–≥—Ä–∞–¥ –ê—Ä–µ–Ω—ã¬ª üèü

‚è≤ –ì—Ä–∞—Ñ–∏–∫ —Ä–∞–±–æ—Ç—ã:

13 –∏ 14 –º–∞—è —Å 10:00 –¥–æ 18:00 (–∫–∞—Å—Å–∞ –≤—Ö–æ–¥–∞ ‚Ññ2)
15 –º–∞—è —Å 14:00 –¥–æ –∫–æ–Ω—Ü–∞ –ø–µ—Ä–≤–æ–≥–æ —Ç–∞–π–º–∞ (–∫–∞—Å—Å–∞ –≤—Ö–æ–¥–∞ ‚Ññ2)

–ü—Ä–æ—Ö–æ–¥ –Ω–∞ —Å—Ç–∞–¥–∏–æ–Ω –±—É–¥–µ—Ç –æ—Å—É—â–µ—Å—Ç–≤–ª—è—Ç—å—Å—è —á–µ—Ä–µ–∑ 2, 5 –∏ 6 –≥–µ–π—Ç—ã.

–í—Ö–æ–¥ –¥–ª—è –≥–æ—Å—Ç–µ–≤—ã—Ö –±–æ–ª–µ–ª—å—â–∏–∫–æ–≤ –∏ –∞–∫–∫—Ä–µ–¥–∏—Ç–æ–≤–∞–Ω–Ω—ã—Ö –ª–∏—Ü ‚Äì ‚Ññ5.

–°—Ç–∞—Ä—Ç–æ–≤—ã–π —Å–≤–∏—Å—Ç–æ–∫ –≤ 19:00.

–¢–∞–∫–∂–µ –ø—Ä–æ–¥–æ–ª–∂–∞–µ—Ç—Å—è –æ–Ω–ª–∞–π–Ω-–ø—Ä–æ–¥–∞–∂–∞ –Ω–∞ —Å–∞–π—Ç–µ rotor-vlg.com –∏ vk.cc/cwCqli üé´

–î—Ä—É–∑—å—è, –ø—Ä–∏—Ö–æ–¥–∏—Ç–µ –Ω–∞ –º–∞—Ç—á –∑–∞—Ä–∞–Ω–µ–µ –∏ –Ω–∞–ª–µ–≥–∫–µ, —á—Ç–æ–±—ã –Ω–µ —Å–æ–∑–¥–∞–≤–∞—Ç—å –æ—á–µ—Ä–µ–¥–∏ –Ω–∞ –≤—Ö–æ–¥–Ω—ã—Ö –≥—Ä—É–ø–ø–∞—Ö. –°—Ç–∞–¥–∏–æ–Ω –æ—Ç–∫—Ä–æ–µ—Ç —Å–≤–æ–∏ –¥–≤–µ—Ä–∏ –≤ 17:00

#–ó–∞–†–æ—Ç–æ—Ä #–†—É–±–∏—Å—å–ó–∞–†–æ—Ç–æ—Ä",2024-05-13 09:30:00,130,0,5,5432,['https://sun150-2.userapi.com/impg/fxj1EGOBMNc6abJQIB_VsTC38RSBwDC7FLw7Pg/9vr1lb8GZkM.jpg?size=1280x854&quality=96&sign=52dd11ab1835de212bbf7f77d89fbb07&c_uniq_tag=VM-OGvEYtYOlkETZPrRHQIf-ZHLPsQ7SLfMUaoHAanY&type=album']
223344,"–ü—Ä–µ–¥–ø–æ—Å–ª–µ–¥–Ω–∏–π –¥–æ–º–∞—à–Ω–∏–π –º–∞—Ç—á —ç—Ç–æ–≥–æ —Å–µ–∑–æ–Ω–∞ —É–∂–µ —Å–æ–≤—Å–µ–º –±–ª–∏–∑–∫–æ! üè†üèüÔ∏è 

–£–∂–µ –≤ —ç—Ç—É —Å—Ä–µ–¥—É, 15 –º–∞—è, –ø—Ä–æ–≤–µ–¥—ë–º –æ–¥–Ω—É –∏–∑ –¥–≤—É—Ö –∑–∞–∫–ª—é—á–∏—Ç–µ–ª—å–Ω—ã—Ö –¥–æ–º–∞—à–Ω–∏—Ö –∏–≥—Ä —ç—Ç–æ–≥–æ —Å–µ–∑–æ–Ω–∞ üîú

–ú–∞—Ç—á –Ω–∞—á–Ω—ë—Ç—Å—è –≤ 19:00. –°–∏–Ω–µ-–≥–æ–ª—É–±—ã–µ, –∂–¥—ë–º –≤–∞—Å –Ω–∞ ¬´–í–æ–ª–≥–æ–≥—Ä–∞–¥ –ê—Ä–µ–Ω–µ¬ª. –í–∞—à –≥–æ–ª–æ—Å ‚Äî –Ω–∞—à–∞ —Å–∏–ª–∞ üëäüèªüíôü©µ

–ë–∏–ª–µ—Ç—ã –¥–æ—Å—Ç—É–ø–Ω—ã –∑–¥–µ—Å—å: rotor-vlg.com –∏ vk.cc/cwCqli üòÆ

#–ó–∞–†–æ—Ç–æ—Ä #–ñ–¥—ë—Ç–ü–æ–±–µ–¥—ã–í–æ–ª–≥–æ–≥—Ä–∞–¥",2024-05-12 18:00:02,238,18,16,5712,['https://sun150-1.userapi.com/impg/PK7f1w6TzTXiCMGH-c7MaPGUMBkTNv7v9zz76A/GoENzMS976Q.jpg?size=510x637&quality=95&sign=3d874c190dfae1e7116c410b7acabdcb&c_uniq_tag=lziz9Nev0vyLEFtwtz_wrDxym2qre2JEZZpYnpDqqyg&type=album']
223341,"–§–æ—Ç–æ–æ—Ç—á–µ—Ç —Å –º–∞—Ç—á–∞ ¬´–ú–µ—Ç–∞–ª–ª—É—Ä–≥¬ª - ¬´–†–æ—Ç–æ—Ä¬ª üì∏ 
 
–§–æ—Ç–æ: –§–ö ¬´–ú–µ—Ç–∞–ª–ª—É—Ä–≥¬ª",2024-05-12 17:19:31,136,1,2,6188,"['https://sun150-2.userapi.com/impg/XQesMvzbxiGVGzjHKc2t3PMt6_tZOC2WI9HPZg/BLAMkB67CUg.jpg?size=1280x848&quality=96&sign=76bfcbcde858146a33b86a88b6b01602&c_uniq_tag=tisyVJ-xlroqLr-1lWxUpSdvyqX8lRS-YO-n9ffe3MQ&type=album', 'https://sun150-2.userapi.com/impg/yWKNMu1_81HkeAiuIX1fGcMkCShLDl7xhp9imw/D53qPK_gM7U.jpg?size=1280x847&quality=96&sign=b4d0335a209e4c934f2ec46b58e36065&c_uniq_tag=Vc_rar358_82s-Pg0_XptBrGEi0kd9gEi2uXdy4FQtc&type=album', 'https://sun150-2.userapi.com/impg/_qv9w5bSquDoDUCMN-BHPve-qCnPF_HO-vWUiQ/KGFMAGyLhc0.jpg?size=1280x848&quality=96&sign=a563602e8acb261bf479031e36168e08&c_uniq_tag=PImTGR1e2cdb3yBhijl70sdDiaMVd1EAIbyxV6XOpMU&type=album', 'https://sun150-2.userapi.com/impg/sJJWsDWX6xCtzych70OlKIG6VWr8J6RJSPwy0Q/EC3yu2FBYEE.jpg?size=1280x847&quality=96&sign=07587d6d749d617237c43658da692ae5&c_uniq_tag=JOaUEzS7dt7LoqwHeEI0aIhBMxsE61usXYT1dEexNcc&type=album', 'https://sun150-2.userapi.com/impg/2kB-w9BgrCiJp0eCZ3fo9_pWBGG01N8-DfLiSw/0JLG82PJ0sE.jpg?size=1280x847&quality=96&sign=056d001bb5ade1638ab51d3a1c2e76f1&c_uniq_tag=u5kJssXsYNsySinY_iFMMHewv_qRNpcg5O2oOTMharY&type=album', 'https://sun150-1.userapi.com/impg/zIrISveZiwPNbFTvt-6WdGJ7XwPjwqV1SgsmAg/TBplr-JLSNU.jpg?size=1280x848&quality=96&sign=f1f496baf7717da0a4e2abc11ceea3ee&c_uniq_tag=AK2eLOY_3pWsAMRq3gZWkIlJIhQxzB00GxXQaqhgyYg&type=album']"
223337,"–î—É–±–ª—å –ê–ª–µ–∫—Å–µ—è –ù–∏–∫–∏—Ç–∏–Ω–∞, –∏–Ω—Ç—Ä–∏–≥–∞ –¥–æ –ø–æ—Å–ª–µ–¥–Ω–µ–π —Å–µ–∫—É–Ω–¥—ã, –Ω–µ–ø–æ–¥–¥–µ–ª—å–Ω—ã–µ —ç–º–æ—Ü–∏–∏: –≤–Ω–µ –ø–æ–ª—è –∑—Ä–µ–Ω–∏—è –º–∞—Ç—á–∞ ¬´–ú–µ—Ç–∞–ª–ª—É—Ä–≥¬ª - ¬´–†–æ—Ç–æ—Ä¬ª üé•",2024-05-12 16:48:46,62,1,2,3236,[]
223327,"–ü–µ—Ä—Å–æ–Ω–∞–ª—å–Ω—ã–µ –±–æ–ª–µ–ª—å—â–∏–∫–∏ –î–∏–º—ã –õ–∞–≤—Ä–∏—â–µ–≤–∞ –Ω–∞ –≤—ã–µ–∑–¥–Ω–æ–º –º–∞—Ç—á–µ –ø—Ä–æ—Ç–∏–≤ ¬´–ú–µ—Ç–∞–ª–ª—É—Ä–≥–∞¬ª ü•π

–ü–æ–¥–¥–µ—Ä–∂–∫–∞ —Ä–æ–¥–Ω—ã—Ö –∏ –±–ª–∏–∑–∫–∏—Ö ‚Äî —Ç–æ, —á—Ç–æ –≤—Å–µ–≥–¥–∞ –º–æ—Ç–∏–≤–∏—Ä—É–µ—Ç –Ω–∞ –Ω–æ–≤—ã–µ —Å–≤–µ—Ä—à–µ–Ω–∏—è üíôü©µ

#–ó–∞–†–æ—Ç–æ—Ä",2024-05-12 14:00:02,443,16,8,15577,"['https://sun9-68.userapi.com/impg/YgHSSmFu63yyEfOdqMKqRfyHLmK8PD2IbpzEWg/zZCtmFrx1u8.jpg?size=510x340&quality=95&crop=3,0,2553,1702&sign=2af0ccb21d12dfad6328d2dfe0440c3d&c_uniq_tag=Rsn4jLNqXNz2wKVRnaTdy7GKvILikmVkOuePZYSTfi4&type=album']"
223317,"–ü–æ–∑–¥—Ä–∞–≤–ª—è–µ–º –ê–ª–µ–∫—Å–µ—è –ù–∏–∫–∏—Ç–∏–Ω–∞ —Å –ø–µ—Ä–≤—ã–º –¥—É–±–ª–µ–º –≤ –∫–∞—Ä—å–µ—Ä–µ üí™ 
 
–î–∞–ª—å—à–µ ‚Äî –±–æ–ª—å—à–µ! üíôü©µ 
 
#–†—É–±–∏—Å—å–ó–∞–†–æ—Ç–æ—Ä",2024-05-12 12:00:03,220,6,2,5138,['https://sun9-10.userapi.com/impg/FAISXCDBJGjI9V0MnmjDQ71Hw3pdTBBMwDWdeg/B_4Kjb52z_A.jpg?size=510x510&quality=95&sign=e2473bc898dd7ee0b3eefb95f44d205b&c_uniq_tag=FkdsHlzXB8ayyB2ITS7vLdRGmN56Zu7ISRVw2B_seKU&type=album']
223312,–í–∏–¥–µ–æ–æ–±–∑–æ—Ä –º–∞—Ç—á–∞ ¬´–ú–µ—Ç–∞–ª–ª—É—Ä–≥¬ª ‚Äì ¬´–†–æ—Ç–æ—Ä¬ª üìπ,2024-05-12 10:16:03,60,1,2,4147,[]
223266,"–†–µ—à–∏–ª–∏ –ø–æ—Å–ª—É—à–∞—Ç—å –ø–µ—Ä–µ–¥ —Å–Ω–æ–º –ª—É—á—à–∏—Ö –±–æ–ª–µ–ª—å—â–∏–∫–æ–≤, –ø—Ä–∏—Å–æ–µ–¥–∏–Ω—è–π—Ç–µ—Å—å üéß

–ï—â—ë —Ä–∞–∑ –≤—Å–µ—Ö —Å –ø–æ–±–µ–¥–æ–π, —Å–∏–Ω–µ-–≥–æ–ª—É–±—ã–µ! –ñ–µ–ª–∞–µ–º –≤–∞–º –æ—Ç–ª–∏—á–Ω–æ–π —Å—É–±–±–æ—Ç—ã –∏ –ª—ë–≥–∫–æ–≥–æ –≤–æ—Å–∫—Ä–µ—Å–µ–Ω—å—è üòâ",2024-05-11 22:00:01,206,6,4,6404,[]
223245,,2024-05-11 20:26:16,219,6,2,6827,[]
223235,,2024-05-11 20:02:58,137,4,1,4758,[]
223225,"–°–µ–º–µ–π–Ω–æ–µ —Ñ–æ—Ç–æ –∑–∞–∫–∞–∑—ã–≤–∞–ª–∏? üíôüì∏ü©µ

#–ó–∞–†–æ—Ç–æ—Ä",2024-05-11 19:20:00,508,12,7,10717,"['https://sun9-65.userapi.com/impg/L_OFKiSKCRWMZi9MBKZWN7UGgbkbWrtR6r9o9g/VwBHUdyfTrs.jpg?size=510x340&quality=95&crop=3,0,2553,1702&sign=82c3a1af7f4695cd17aa855ecae7444a&c_uniq_tag=WccJ1K9AgV9766PqQS3pQoRZmaErPvaS7dnXJLBHQyQ&type=album']"
223213,"–ü—Ä–µ—Å—Å-–∫–æ–Ω—Ñ–µ—Ä–µ–Ω—Ü–∏—è –û–ª–µ–≥–∞ –°–µ—Ä–≥–µ–µ–≤–∞ –ø–æ –∏—Ç–æ–≥–∞–º –º–∞—Ç—á–∞ ¬´–ú–µ—Ç–∞–ª–ª—É—Ä–≥¬ª ‚Äî ¬´–†–æ—Ç–æ—Ä¬ª

üìπ –§–ö ¬´–ú–µ—Ç–∞–ª–ª—É—Ä–≥¬ª",2024-05-11 18:23:32,98,5,1,4233,[]
223199,"–û–ª–µ–≥ –°–µ—Ä–≥–µ–µ–≤ ‚Äî –≥–ª–∞–≤–Ω—ã–π —Ç—Ä–µ–Ω–µ—Ä ¬´–†–æ—Ç–æ—Ä–∞¬ª –¥–æ –∫–æ–Ω—Ü–∞ —Å–µ–∑–æ–Ω–∞ ‚úçüèª 

–ü–æ—Å–ª–µ –ø–æ–±–µ–¥—ã –Ω–∞–¥ ¬´–ú–µ—Ç–∞–ª–ª—É—Ä–≥–æ–º¬ª –±—ã–ª–æ –ø—Ä–∏–Ω—è—Ç–æ —Ä–µ—à–µ–Ω–∏–µ –Ω–∞–∑–Ω–∞—á–∏—Ç—å –û–ª–µ–≥–∞ –í—è—á–µ—Å–ª–∞–≤–æ–≤–∏—á–∞ –≥–ª–∞–≤–Ω—ã–º —Ç—Ä–µ–Ω–µ—Ä–æ–º –¥–æ –∫–æ–Ω—Ü–∞ —Å–µ–∑–æ–Ω–∞ 2023/2024

–ñ–µ–ª–∞–µ–º –û–ª–µ–≥—É –í—è—á–µ—Å–ª–∞–≤–æ–≤–∏—á—É —É–¥–∞—á–∏ –≤ –≤—ã–ø–æ–ª–Ω–µ–Ω–∏–∏ –ø–æ—Å—Ç–∞–≤–ª–µ–Ω–Ω–æ–π –∑–∞–¥–∞—á–∏ üëèüèª",2024-05-11 18:05:57,241,44,12,6465,['https://sun9-70.userapi.com/impg/SpCWJ7NmhMDDHSGayLChEJ57YGpUBc0RMMKCVg/lqv23g22S4I.jpg?size=510x510&quality=95&sign=c964527da1c5dda6f0ad5d546e30eb88&c_uniq_tag=IzCCLQ0nm-VwGlgtC5sDg8UX8h9Y2NY9Yb2Nzz5SBdE&type=album']
223183,"–≠—Ç–∞ –æ–≥–ª—É—à–∏—Ç–µ–ª—å–Ω–∞—è –ø–æ–¥–¥–µ—Ä–∂–∫–∞ > –≤—Å—ë –æ—Å—Ç–∞–ª—å–Ω–æ–µ üî• 

–†–æ—Ç–æ—Ä–∞, –≤—ã ‚Äî —Å–∞–º—ã–µ –ø—Ä–µ–≤–æ—Å—Ö–æ–¥–Ω—ã–µ! üíôü©µ",2024-05-11 17:50:00,307,16,5,6620,[]
223163,–ü—Ä—è–º–æ–µ –≤–∫–ª—é—á–µ–Ω–∏–µ –î–∞–Ω–∏–ª–∞ –ü–µ–ª–∏—Ö–∞ —Å –∫–æ–º–º–µ–Ω—Ç–∞—Ä–∏–µ–º –ø–æ –º–∞—Ç—á—É –∏ —Å–ª–æ–≤–∞–º–∏ –±–ª–∞–≥–æ–¥–∞—Ä–Ω–æ—Å—Ç–∏ –ª—É—á—à–∏–º –±–æ–ª–µ–ª—å—â–∏–∫–∞–º! üé§ü•∞,2024-05-11 17:19:44,430,22,14,7861,[]
223138,"–¢–†–ò –í –†–Ø–î! üíôü©µ

#–ú–µ—Ç–∞–ª–ª—É—Ä–≥–†–æ—Ç–æ—Ä | 1:2 (0:1)

–ê–ª–µ–∫—Å–µ–π –ù–∏–∫–∏—Ç–∏–Ω –¥–µ–ª–∞–µ—Ç –¥—É–±–ª—å –∏ –ø—Ä–∏–Ω–æ—Å–∏—Ç ¬´–†–æ—Ç–æ—Ä—É¬ª 3 –æ—á–∫–∞ üëäüò§",2024-05-11 16:58:03,401,39,20,8547,['https://sun9-65.userapi.com/impg/uODaYhGCizpaQ6g7uBjFyNgyriRpt3lhWW-nvg/aD8646tRmz0.jpg?size=510x637&quality=95&sign=4a6310dbb467e3a3621a11a523d98ebc&c_uniq_tag=y7PZyISo041bACTxjLH2vvwdQj0LOw5YGvzVb1yvmAw&type=album']
223135,"‚è±Ô∏è 85 –ì–û–û–û–û–õ

–õ–Å–•–ê –î–ï–õ–ê–ï–¢ –î–£–ë–õ–¨ üí™üí™üí™üí™

#–ú–µ—Ç–∞–ª–ª—É—Ä–≥–†–æ—Ç–æ—Ä | 1:2",2024-05-11 16:49:44,180,7,4,4525,[]
223132,"‚è±Ô∏è 77

#–ú–µ—Ç–∞–ª–ª—É—Ä–≥–†–æ—Ç–æ—Ä | 1:1",2024-05-11 16:40:28,37,2,0,2819,[]
223131,"‚è±Ô∏è 71

#–ú–µ—Ç–∞–ª–ª—É—Ä–≥–†–æ—Ç–æ—Ä | 1:1",2024-05-11 16:35:10,31,0,0,2536,[]
223130,"‚è±Ô∏è 52

üò§‚öîÔ∏è

#–ú–µ—Ç–∞–ª–ª—É—Ä–≥–†–æ—Ç–æ—Ä | 1:1",2024-05-11 16:16:11,105,2,0,4297,[]
223124,"‚è± 39

#–ú–µ—Ç–∞–ª–ª—É—Ä–≥–†–æ—Ç–æ—Ä | 0:1",2024-05-11 15:44:37,38,1,1,2886,[]
223122,"‚è± 32 –ì–û–û–û–û–õ!

–ê–ª–µ–∫—Å–µ–π –í–∞–ª–µ—Ä—å–µ–≤–∏—á –ù–∏–∫–∏—Ç–∏–Ω –∑–∞–±–∏–≤–∞–µ—Ç –ø–µ—Ä–≤—ã–π üëä

#–ú–µ—Ç–∞–ª–ª—É—Ä–≥–†–æ—Ç–æ—Ä | 0:1",2024-05-11 15:37:43,92,2,2,3493,[]
223119,"‚è± 7

#–ú–µ—Ç–∞–ª–ª—É—Ä–≥–†–æ—Ç–æ—Ä | 0:0",2024-05-11 15:11:01,102,0,2,5558,[]
223118,,2024-05-11 15:04:37,34,4,3,3692,[]
223115,–†–∞–∑–º–∏–Ω–∫–∞ –ø–µ—Ä–µ–¥ –º–∞—Ç—á–µ–º #–ú–µ—Ç–∞–ª–ª—É—Ä–≥–†–æ—Ç–æ—Ä - ‚òëÔ∏è,2024-05-11 14:39:46,35,0,0,2635,"['https://sun9-19.userapi.com/impg/8fzaXSpvmxrfuKyz1TEFOePgq856iEHMJRNuXA/59af7Ykmvjw.jpg?size=510x340&quality=95&crop=2,0,1276,851&sign=3c59e53155fbf8e4aaa9c36dc3960820&c_uniq_tag=HVZj4eGoPR4eQ809Py7wAYte9c_V9mBrRR346a2Csfg&type=album', 'https://sun9-9.userapi.com/impg/-O8feaMbRtLsEdk2Vc9VoRc8utm16TeTDHIZRQ/Fwa_Gz-hYjo.jpg?size=510x340&quality=95&crop=2,0,1276,851&sign=c519ee610c27c0623abfc7f0a60323cb&c_uniq_tag=S-Rzn6O_uMmwCc5-Mqs0QCXjZLwanZ2lTMTMqTGzsdA&type=album', 'https://sun9-40.userapi.com/impg/cpPpwaltq3KksLLfxCprEDMMNoALhkwPbHsQTg/ML_iAKvlnoE.jpg?size=510x340&quality=95&crop=2,0,1276,851&sign=af1d30d25252f0a110be7a32f5b09503&c_uniq_tag=D1BPwrEyk3F2jHNAk12DVSoR5lQ90u4EXwSZ9YPEsnA&type=album', 'https://sun9-24.userapi.com/impg/tyKf3nY18Aor22XjaEzzOhCeorYc_sjhl2j0FQ/w89k2Uqc5z4.jpg?size=510x340&quality=95&crop=2,0,1276,851&sign=c6cc8f857ee768acfb70f8d9de2214de&c_uniq_tag=iJbODg3JSjzh9XhfNkMuV5qu-OL9k8e9hsmfitCZglU&type=album', 'https://sun9-42.userapi.com/impg/O68_naODCEZL5rAFeFsVx0NI0f6hvYFgF70m5g/MQYwTabwPqg.jpg?size=510x340&quality=95&crop=2,0,1276,851&sign=2ac845e07f7f1eb78793483dddaf9f72&c_uniq_tag=yNqtn5vnxF_VwiyLAy6ChMhTP2g9s2AR9Go6U7PDzqE&type=album', 'https://sun9-2.userapi.com/impg/5pvXn-X4x3qe6rgQ0m9GD0IqQ7r5dox2eRt8ew/hNtnPFEt6Oc.jpg?size=510x340&quality=95&crop=2,0,1276,851&sign=a92527475fb163d7575ff8fcba62e3d5&c_uniq_tag=DIemA1IfH8HAQ_-0ZtuWw77kh-kUsZfxF9lxEEF4lPc&type=album']"
